epoch,G_loss,D_loss,FID,KID,JSD,SSIM,PSNR,LPIPS,kimg_acu,kimg,carpeta
0.000797607,0.783224225,1.596589804,279.637096,0.803393606,0.129695737,0.109104116,5.895225164,0.794486582,0.032000002,0.032000002,00000-frames_extraidos-11gb-gpu-gamma32-batch32-ada-target0.6
0.100498506,2.206250687,1.085383984,,,,,,,4.032000065,4.032000065,00000-frames_extraidos-11gb-gpu-gamma32-batch32-ada-target0.6
0.200199392,1.897772232,0.897652654,,,,,,,8.031999588,8.031999588,00000-frames_extraidos-11gb-gpu-gamma32-batch32-ada-target0.6
0.299900289,1.778614689,0.914288223,,,,,,,12.03199959,12.03199959,00000-frames_extraidos-11gb-gpu-gamma32-batch32-ada-target0.6
0.399601186,1.579431339,0.998591282,273.8840801,0.944540442,0.167118422,0.169576923,12.85258491,0.707176149,16.03199959,16.03199959,00000-frames_extraidos-11gb-gpu-gamma32-batch32-ada-target0.6
0.499302083,1.698630936,1.00743927,,,,,,,20.03199959,20.03199959,00000-frames_extraidos-11gb-gpu-gamma32-batch32-ada-target0.6
0.599002981,1.365649629,1.087865613,,,,,,,24.03199959,24.03199959,00000-frames_extraidos-11gb-gpu-gamma32-batch32-ada-target0.6
0.698703878,1.548456359,1.059403127,,,,,,,28.03199959,28.03199959,00000-frames_extraidos-11gb-gpu-gamma32-batch32-ada-target0.6
0.798404823,1.314757256,1.115554662,169.5949275,0.692586482,0.071048118,0.221015206,14.30482207,0.573402166,32.0320015,32.0320015,00000-frames_extraidos-11gb-gpu-gamma32-batch32-ada-target0.6
0.89810572,1.135049443,1.172500885,,,,,,,36.0320015,36.0320015,00000-frames_extraidos-11gb-gpu-gamma32-batch32-ada-target0.6
0.997806618,1.088164157,1.226163576,,,,,,,40.0320015,40.0320015,00000-frames_extraidos-11gb-gpu-gamma32-batch32-ada-target0.6
1.097507515,0.940977831,1.256851191,,,,,,,44.0320015,44.0320015,00000-frames_extraidos-11gb-gpu-gamma32-batch32-ada-target0.6
1.197208412,0.935508859,1.287156868,155.7274273,0.421080719,0.03714199,0.232448533,13.86004662,0.48160702,48.0320015,48.0320015,00000-frames_extraidos-11gb-gpu-gamma32-batch32-ada-target0.6
1.296909309,0.928992834,1.286452109,,,,,,,52.0320015,52.0320015,00000-frames_extraidos-11gb-gpu-gamma32-batch32-ada-target0.6
1.396610207,0.88912396,1.30468361,,,,,,,56.0320015,56.0320015,00000-frames_extraidos-11gb-gpu-gamma32-batch32-ada-target0.6
1.496311104,0.88819852,1.315084167,,,,,,,60.0320015,60.0320015,00000-frames_extraidos-11gb-gpu-gamma32-batch32-ada-target0.6
1.596011906,0.843248734,1.325626053,133.3779925,0.29450612,0.062220106,0.261879458,13.33691446,0.428446412,64.03199768,64.03199768,00000-frames_extraidos-11gb-gpu-gamma32-batch32-ada-target0.6
1.695712804,0.834249258,1.340669854,,,,,,,68.03199768,68.03199768,00000-frames_extraidos-11gb-gpu-gamma32-batch32-ada-target0.6
1.795413701,0.844988708,1.336558647,,,,,,,72.03199768,72.03199768,00000-frames_extraidos-11gb-gpu-gamma32-batch32-ada-target0.6
1.895114598,0.81218008,1.339903811,,,,,,,76.03199768,76.03199768,00000-frames_extraidos-11gb-gpu-gamma32-batch32-ada-target0.6
1.994815496,0.805743246,1.33958722,112.2815333,0.15926305,0.044071826,0.289266768,13.03678558,0.403844506,80.03199768,80.03199768,00000-frames_extraidos-11gb-gpu-gamma32-batch32-ada-target0.6
2.094516393,0.808362684,1.346950808,,,,,,,84.03199768,84.03199768,00000-frames_extraidos-11gb-gpu-gamma32-batch32-ada-target0.6
2.19421729,0.804855085,1.346140628,,,,,,,88.03199768,88.03199768,00000-frames_extraidos-11gb-gpu-gamma32-batch32-ada-target0.6
2.293918187,0.786818471,1.348151561,,,,,,,92.03199768,92.03199768,00000-frames_extraidos-11gb-gpu-gamma32-batch32-ada-target0.6
2.393619085,0.775073697,1.35689389,106.9488809,0.100729877,0.029396618,0.307802372,12.8760389,0.393134534,96.03199768,96.03199768,00000-frames_extraidos-11gb-gpu-gamma32-batch32-ada-target0.6
2.493319982,0.77522252,1.356467558,,,,,,,100.0319977,100.0319977,00000-frames_extraidos-11gb-gpu-gamma32-batch32-ada-target0.6
2.593020879,0.778099042,1.356196557,,,,,,,104.0319977,104.0319977,00000-frames_extraidos-11gb-gpu-gamma32-batch32-ada-target0.6
2.692721777,0.767973763,1.354385372,,,,,,,108.0319977,108.0319977,00000-frames_extraidos-11gb-gpu-gamma32-batch32-ada-target0.6
2.792422674,0.76685607,1.362037834,95.12455348,0.075302639,0.02744232,0.311878066,12.81777219,0.392086923,112.0319977,112.0319977,00000-frames_extraidos-11gb-gpu-gamma32-batch32-ada-target0.6
2.892123571,0.763115032,1.358484924,,,,,,,116.0319977,116.0319977,00000-frames_extraidos-11gb-gpu-gamma32-batch32-ada-target0.6
2.991824469,0.769158817,1.355307807,,,,,,,120.0319977,120.0319977,00000-frames_extraidos-11gb-gpu-gamma32-batch32-ada-target0.6
3.091525366,0.772313009,1.353297506,,,,,,,124.0319977,124.0319977,00000-frames_extraidos-11gb-gpu-gamma32-batch32-ada-target0.6
3.191226263,0.772222597,1.344347328,80.04004726,0.049026465,0.029311178,0.31525302,12.81454311,0.393747747,128.0319977,128.0319977,00000-frames_extraidos-11gb-gpu-gamma32-batch32-ada-target0.6
3.290927161,0.766201368,1.347450369,,,,,,,132.0319977,132.0319977,00000-frames_extraidos-11gb-gpu-gamma32-batch32-ada-target0.6
3.390628058,0.753778685,1.356160868,,,,,,,136.0319977,136.0319977,00000-frames_extraidos-11gb-gpu-gamma32-batch32-ada-target0.6
3.490328955,0.749080133,1.358435344,,,,,,,140.0319977,140.0319977,00000-frames_extraidos-11gb-gpu-gamma32-batch32-ada-target0.6
3.491126562,0.840477228,1.356408715,80.07646445,0.048878879,0.029276621,0.315372732,12.81557014,0.393738508,140.0639977,0.032000002,00001-frames_extraidos-11gb-gpu-gamma32-batch32-ada-target0.6-resumecustom
3.590827461,0.773856219,1.346058595,,,,,,,144.0639977,4.032000065,00001-frames_extraidos-11gb-gpu-gamma32-batch32-ada-target0.6-resumecustom
3.690528347,0.774544385,1.34012782,,,,,,,148.0639973,8.031999588,00001-frames_extraidos-11gb-gpu-gamma32-batch32-ada-target0.6-resumecustom
3.790229244,0.761968573,1.348344263,,,,,,,152.0639973,12.03199959,00001-frames_extraidos-11gb-gpu-gamma32-batch32-ada-target0.6-resumecustom
3.889930141,0.770537565,1.343088811,66.75191362,0.042047634,0.026622977,0.316833063,12.86273244,0.392061621,156.0639973,16.03199959,00001-frames_extraidos-11gb-gpu-gamma32-batch32-ada-target0.6-resumecustom
3.989631039,0.761073461,1.354032298,,,,,,,160.0639973,20.03199959,00001-frames_extraidos-11gb-gpu-gamma32-batch32-ada-target0.6-resumecustom
4.089331936,0.750779722,1.356834121,,,,,,,164.0639973,24.03199959,00001-frames_extraidos-11gb-gpu-gamma32-batch32-ada-target0.6-resumecustom
4.189032833,0.761282669,1.348178892,,,,,,,168.0639973,28.03199959,00001-frames_extraidos-11gb-gpu-gamma32-batch32-ada-target0.6-resumecustom
4.288733778,0.754800751,1.357468032,54.74176405,0.031519404,0.028221936,0.328495561,12.80204815,0.392308086,172.0639992,32.0320015,00001-frames_extraidos-11gb-gpu-gamma32-batch32-ada-target0.6-resumecustom
4.388434675,0.748685106,1.361695889,,,,,,,176.0639992,36.0320015,00001-frames_extraidos-11gb-gpu-gamma32-batch32-ada-target0.6-resumecustom
4.488135573,0.745363748,1.363635473,,,,,,,180.0639992,40.0320015,00001-frames_extraidos-11gb-gpu-gamma32-batch32-ada-target0.6-resumecustom
4.58783647,0.74311095,1.366655208,,,,,,,184.0639992,44.0320015,00001-frames_extraidos-11gb-gpu-gamma32-batch32-ada-target0.6-resumecustom
4.687537367,0.747340884,1.364289779,46.9501779,0.032514674,0.032248552,0.339204936,12.74833716,0.392293006,188.0639992,48.0320015,00001-frames_extraidos-11gb-gpu-gamma32-batch32-ada-target0.6-resumecustom
4.787238265,0.745736613,1.361549713,,,,,,,192.0639992,52.0320015,00001-frames_extraidos-11gb-gpu-gamma32-batch32-ada-target0.6-resumecustom
4.886939162,0.738360213,1.367751447,,,,,,,196.0639992,56.0320015,00001-frames_extraidos-11gb-gpu-gamma32-batch32-ada-target0.6-resumecustom
4.986640059,0.740183752,1.367872137,,,,,,,200.0639992,60.0320015,00001-frames_extraidos-11gb-gpu-gamma32-batch32-ada-target0.6-resumecustom
5.086340861,0.750262986,1.362287235,41.91295058,0.030261784,0.032382779,0.341546568,12.75896553,0.391782433,204.0639954,64.03199768,00001-frames_extraidos-11gb-gpu-gamma32-batch32-ada-target0.6-resumecustom
5.186041759,0.739457726,1.365321059,,,,,,,208.0639954,68.03199768,00001-frames_extraidos-11gb-gpu-gamma32-batch32-ada-target0.6-resumecustom
5.285742656,0.735142512,1.367480886,,,,,,,212.0639954,72.03199768,00001-frames_extraidos-11gb-gpu-gamma32-batch32-ada-target0.6-resumecustom
5.385443553,0.733440167,1.369918118,,,,,,,216.0639954,76.03199768,00001-frames_extraidos-11gb-gpu-gamma32-batch32-ada-target0.6-resumecustom
5.485144451,0.729217851,1.371161771,38.55750567,0.023413268,0.028024184,0.346896939,12.74272825,0.392405927,220.0639954,80.03199768,00001-frames_extraidos-11gb-gpu-gamma32-batch32-ada-target0.6-resumecustom
5.584845348,0.736897941,1.371321469,,,,,,,224.0639954,84.03199768,00001-frames_extraidos-11gb-gpu-gamma32-batch32-ada-target0.6-resumecustom
5.684546245,0.733943461,1.369622755,,,,,,,228.0639954,88.03199768,00001-frames_extraidos-11gb-gpu-gamma32-batch32-ada-target0.6-resumecustom
5.784247143,0.736674667,1.369321465,,,,,,,232.0639954,92.03199768,00001-frames_extraidos-11gb-gpu-gamma32-batch32-ada-target0.6-resumecustom
5.88394804,0.728139481,1.369998184,35.23863014,0.020276252,0.023876365,0.353029171,12.73762151,0.392172635,236.0639954,96.03199768,00001-frames_extraidos-11gb-gpu-gamma32-batch32-ada-target0.6-resumecustom
5.884745647,0.678684354,1.365998626,35.15245177,0.020122753,0.02355252,0.353111725,12.73926819,0.392178714,236.0959954,0.032000002,00002-frames_extraidos-11gb-gpu-gamma32-batch32-ada-target0.6-resumecustom
5.984446546,0.736054693,1.369002211,,,,,,,240.0959954,4.032000065,00002-frames_extraidos-11gb-gpu-gamma32-batch32-ada-target0.6-resumecustom
6.084147431,0.736711542,1.366709367,,,,,,,244.0959949,8.031999588,00002-frames_extraidos-11gb-gpu-gamma32-batch32-ada-target0.6-resumecustom
6.183848329,0.734607299,1.369015964,,,,,,,248.0959949,12.03199959,00002-frames_extraidos-11gb-gpu-gamma32-batch32-ada-target0.6-resumecustom
6.283549226,0.734248105,1.368358984,31.20475945,0.018599454,0.021468458,0.355170604,12.78289365,0.390619099,252.0959949,16.03199959,00002-frames_extraidos-11gb-gpu-gamma32-batch32-ada-target0.6-resumecustom
6.383250123,0.732141812,1.369584294,,,,,,,256.0959949,20.03199959,00002-frames_extraidos-11gb-gpu-gamma32-batch32-ada-target0.6-resumecustom
6.482951021,0.731402976,1.370981581,,,,,,,260.0959949,24.03199959,00002-frames_extraidos-11gb-gpu-gamma32-batch32-ada-target0.6-resumecustom
6.582651918,0.726701822,1.371747689,,,,,,,264.0959949,28.03199959,00002-frames_extraidos-11gb-gpu-gamma32-batch32-ada-target0.6-resumecustom
6.682352863,0.724401576,1.372351803,30.6445258,0.023525668,0.02211998,0.36047085,12.75296394,0.391414404,268.0959969,32.0320015,00002-frames_extraidos-11gb-gpu-gamma32-batch32-ada-target0.6-resumecustom
6.78205376,0.729819265,1.373618479,,,,,,,272.0959969,36.0320015,00002-frames_extraidos-11gb-gpu-gamma32-batch32-ada-target0.6-resumecustom
6.881754657,0.727250694,1.373635536,,,,,,,276.0959969,40.0320015,00002-frames_extraidos-11gb-gpu-gamma32-batch32-ada-target0.6-resumecustom
6.981455555,0.726657377,1.373205224,,,,,,,280.0959969,44.0320015,00002-frames_extraidos-11gb-gpu-gamma32-batch32-ada-target0.6-resumecustom
7.081156452,0.726340557,1.372937511,27.66847863,0.025794017,0.025041766,0.359967228,12.7434943,0.391213387,284.0959969,48.0320015,00002-frames_extraidos-11gb-gpu-gamma32-batch32-ada-target0.6-resumecustom
7.180857349,0.726770125,1.371106719,,,,,,,288.0959969,52.0320015,00002-frames_extraidos-11gb-gpu-gamma32-batch32-ada-target0.6-resumecustom
7.280558247,0.730876243,1.370621494,,,,,,,292.0959969,56.0320015,00002-frames_extraidos-11gb-gpu-gamma32-batch32-ada-target0.6-resumecustom
7.380259144,0.723639713,1.373243942,,,,,,,296.0959969,60.0320015,00002-frames_extraidos-11gb-gpu-gamma32-batch32-ada-target0.6-resumecustom
7.479959946,0.718474008,1.375375176,26.25658882,0.024453528,0.020418578,0.360661223,12.71658636,0.391298711,300.095993,64.03199768,00002-frames_extraidos-11gb-gpu-gamma32-batch32-ada-target0.6-resumecustom
7.579660844,0.723109461,1.374173332,,,,,,,304.095993,68.03199768,00002-frames_extraidos-11gb-gpu-gamma32-batch32-ada-target0.6-resumecustom
7.679361741,0.726149376,1.372746695,,,,,,,308.095993,72.03199768,00002-frames_extraidos-11gb-gpu-gamma32-batch32-ada-target0.6-resumecustom
7.779062638,0.721693563,1.373927128,,,,,,,312.095993,76.03199768,00002-frames_extraidos-11gb-gpu-gamma32-batch32-ada-target0.6-resumecustom
7.878763535,0.71751064,1.376511874,24.61277833,0.021756731,0.019037708,0.360048643,12.72378108,0.391512632,316.095993,80.03199768,00002-frames_extraidos-11gb-gpu-gamma32-batch32-ada-target0.6-resumecustom
7.978464433,0.719660299,1.374309882,,,,,,,320.095993,84.03199768,00002-frames_extraidos-11gb-gpu-gamma32-batch32-ada-target0.6-resumecustom
8.07816533,0.720019236,1.374788749,,,,,,,324.095993,88.03199768,00002-frames_extraidos-11gb-gpu-gamma32-batch32-ada-target0.6-resumecustom
8.177866227,0.72317014,1.372968421,,,,,,,328.095993,92.03199768,00002-frames_extraidos-11gb-gpu-gamma32-batch32-ada-target0.6-resumecustom
8.277567125,0.721611198,1.372833607,23.83252961,0.019712149,0.019639656,0.365818227,12.74161456,0.392033398,332.095993,96.03199768,00002-frames_extraidos-11gb-gpu-gamma32-batch32-ada-target0.6-resumecustom
8.377268022,0.723568034,1.37288587,,,,,,,336.095993,100.0319977,00002-frames_extraidos-11gb-gpu-gamma32-batch32-ada-target0.6-resumecustom
8.476968919,0.721504334,1.372821852,,,,,,,340.095993,104.0319977,00002-frames_extraidos-11gb-gpu-gamma32-batch32-ada-target0.6-resumecustom
8.576669817,0.724894824,1.370140989,,,,,,,344.095993,108.0319977,00002-frames_extraidos-11gb-gpu-gamma32-batch32-ada-target0.6-resumecustom
8.676370714,0.72266336,1.371009019,25.78953619,0.015340894,0.020796924,0.367890916,12.74275504,0.391777158,348.095993,112.0319977,00002-frames_extraidos-11gb-gpu-gamma32-batch32-ada-target0.6-resumecustom
8.776071611,0.723215446,1.372073141,,,,,,,352.095993,116.0319977,00002-frames_extraidos-11gb-gpu-gamma32-batch32-ada-target0.6-resumecustom
8.875772509,0.761920274,1.369569586,,,,,,,356.095993,120.0319977,00002-frames_extraidos-11gb-gpu-gamma32-batch32-ada-target0.6-resumecustom
8.975473406,0.720430697,1.365895974,,,,,,,360.095993,124.0319977,00002-frames_extraidos-11gb-gpu-gamma32-batch32-ada-target0.6-resumecustom
9.075174303,0.716700405,1.37137614,22.65536209,0.023086335,0.018010313,0.377629384,12.72781323,0.392303199,364.095993,128.0319977,00002-frames_extraidos-11gb-gpu-gamma32-batch32-ada-target0.6-resumecustom
9.1748752,0.719269491,1.372607984,,,,,,,368.095993,132.0319977,00002-frames_extraidos-11gb-gpu-gamma32-batch32-ada-target0.6-resumecustom
9.274576098,0.721424866,1.370985597,,,,,,,372.095993,136.0319977,00002-frames_extraidos-11gb-gpu-gamma32-batch32-ada-target0.6-resumecustom
9.374276995,0.725368141,1.369426188,,,,,,,376.095993,140.0319977,00002-frames_extraidos-11gb-gpu-gamma32-batch32-ada-target0.6-resumecustom
9.473977892,0.732252851,1.366835385,22.52405326,0.015444545,0.018027232,0.373792981,12.77293626,0.392468274,380.095993,144.0319977,00002-frames_extraidos-11gb-gpu-gamma32-batch32-ada-target0.6-resumecustom
9.57367879,0.72168313,1.367758242,,,,,,,384.095993,148.0319977,00002-frames_extraidos-11gb-gpu-gamma32-batch32-ada-target0.6-resumecustom
9.673379687,0.730074182,1.367120872,,,,,,,388.095993,152.0319977,00002-frames_extraidos-11gb-gpu-gamma32-batch32-ada-target0.6-resumecustom
9.773080584,0.78969267,1.360401874,,,,,,,392.095993,156.0319977,00002-frames_extraidos-11gb-gpu-gamma32-batch32-ada-target0.6-resumecustom
9.773878192,0.700441778,1.378490686,22.50805164,0.015520527,0.01862667,0.373733242,12.77374296,0.392460734,392.127993,0.032000002,00003-frames_extraidos-11gb-gpu-gamma32-batch32-ada-target0.6-resumecustom
9.87357909,0.729452984,1.367346911,,,,,,,396.1279931,4.032000065,00003-frames_extraidos-11gb-gpu-gamma32-batch32-ada-target0.6-resumecustom
9.973279976,0.73204626,1.366285722,,,,,,,400.1279926,8.031999588,00003-frames_extraidos-11gb-gpu-gamma32-batch32-ada-target0.6-resumecustom
10.07298087,0.734902542,1.363157546,,,,,,,404.1279926,12.03199959,00003-frames_extraidos-11gb-gpu-gamma32-batch32-ada-target0.6-resumecustom
10.17268177,0.73477446,1.364149416,22.5910841,0.017003831,0.017756309,0.372827741,12.76325635,0.390525281,408.1279926,16.03199959,00003-frames_extraidos-11gb-gpu-gamma32-batch32-ada-target0.6-resumecustom
10.27238267,0.730735231,1.36556162,,,,,,,412.1279926,20.03199959,00003-frames_extraidos-11gb-gpu-gamma32-batch32-ada-target0.6-resumecustom
10.37208357,0.732377002,1.365716739,,,,,,,416.1279926,24.03199959,00003-frames_extraidos-11gb-gpu-gamma32-batch32-ada-target0.6-resumecustom
10.47178446,0.724581266,1.365828918,,,,,,,420.1279926,28.03199959,00003-frames_extraidos-11gb-gpu-gamma32-batch32-ada-target0.6-resumecustom
10.57148541,0.735987999,1.362111957,23.07014854,0.013097092,0.019080751,0.369670766,12.76645845,0.389910996,424.1279945,32.0320015,00003-frames_extraidos-11gb-gpu-gamma32-batch32-ada-target0.6-resumecustom
10.6711863,0.738887935,1.361567394,,,,,,,428.1279945,36.0320015,00003-frames_extraidos-11gb-gpu-gamma32-batch32-ada-target0.6-resumecustom
10.7708872,0.746592841,1.358428967,,,,,,,432.1279945,40.0320015,00003-frames_extraidos-11gb-gpu-gamma32-batch32-ada-target0.6-resumecustom
10.8705881,0.725650962,1.362531256,,,,,,,436.1279945,44.0320015,00003-frames_extraidos-11gb-gpu-gamma32-batch32-ada-target0.6-resumecustom
10.87138571,0.673382103,1.355463743,23.31911357,0.015593415,0.02101393,0.372209689,12.73229807,0.39212665,436.1599945,0.032000002,00004-frames_extraidos-11gb-gpu-gamma32-batch32-ada-target0.6-resumecustom
10.97108661,0.74620379,1.356399583,,,,,,,440.1599946,4.032000065,00004-frames_extraidos-11gb-gpu-gamma32-batch32-ada-target0.6-resumecustom
11.07078749,0.747209802,1.35614544,,,,,,,444.1599941,8.031999588,00004-frames_extraidos-11gb-gpu-gamma32-batch32-ada-target0.6-resumecustom
11.17048839,0.75013739,1.35303006,,,,,,,448.1599941,12.03199959,00004-frames_extraidos-11gb-gpu-gamma32-batch32-ada-target0.6-resumecustom
11.27018929,0.74249547,1.351777499,22.8003027,0.018945722,0.021716309,0.371627023,12.76268818,0.390033513,452.1599941,16.03199959,00004-frames_extraidos-11gb-gpu-gamma32-batch32-ada-target0.6-resumecustom
11.36989018,0.751725115,1.350838882,,,,,,,456.1599941,20.03199959,00004-frames_extraidos-11gb-gpu-gamma32-batch32-ada-target0.6-resumecustom
11.46959108,0.752787811,1.346703455,,,,,,,460.1599941,24.03199959,00004-frames_extraidos-11gb-gpu-gamma32-batch32-ada-target0.6-resumecustom
11.56929198,0.725651346,1.362852294,,,,,,,464.1599941,28.03199959,00004-frames_extraidos-11gb-gpu-gamma32-batch32-ada-target0.6-resumecustom
11.66899292,0.729303468,1.36018761,24.61721097,0.016912415,0.021247591,0.370485127,12.74160322,0.389742166,468.159996,32.0320015,00004-frames_extraidos-11gb-gpu-gamma32-batch32-ada-target0.6-resumecustom
11.76869382,0.741048821,1.356479879,,,,,,,472.159996,36.0320015,00004-frames_extraidos-11gb-gpu-gamma32-batch32-ada-target0.6-resumecustom
11.86839472,0.742659639,1.355794259,,,,,,,476.159996,40.0320015,00004-frames_extraidos-11gb-gpu-gamma32-batch32-ada-target0.6-resumecustom
11.96809561,0.738262664,1.35812447,,,,,,,480.159996,44.0320015,00004-frames_extraidos-11gb-gpu-gamma32-batch32-ada-target0.6-resumecustom
12.06779651,0.728386913,1.360665713,22.83903783,0.020191753,0.020499967,0.372732699,12.73170363,0.392550528,484.159996,48.0320015,00004-frames_extraidos-11gb-gpu-gamma32-batch32-ada-target0.6-resumecustom
12.16749741,0.740040494,1.358820294,,,,,,,488.159996,52.0320015,00004-frames_extraidos-11gb-gpu-gamma32-batch32-ada-target0.6-resumecustom
12.26719831,0.744925024,1.353798603,,,,,,,492.159996,56.0320015,00004-frames_extraidos-11gb-gpu-gamma32-batch32-ada-target0.6-resumecustom
12.3668992,0.751922623,1.351418939,,,,,,,496.159996,60.0320015,00004-frames_extraidos-11gb-gpu-gamma32-batch32-ada-target0.6-resumecustom
12.46660001,0.763037196,1.343981576,27.12209055,0.022606266,0.020080444,0.358449149,12.75526143,0.391314209,500.1599922,64.03199768,00004-frames_extraidos-11gb-gpu-gamma32-batch32-ada-target0.6-resumecustom
12.5663009,0.785876493,1.331044682,,,,,,,504.1599922,68.03199768,00004-frames_extraidos-11gb-gpu-gamma32-batch32-ada-target0.6-resumecustom
12.6660018,0.733963656,1.34733012,,,,,,,508.1599922,72.03199768,00004-frames_extraidos-11gb-gpu-gamma32-batch32-ada-target0.6-resumecustom
12.7657027,0.725557366,1.361111872,,,,,,,512.1599922,76.03199768,00004-frames_extraidos-11gb-gpu-gamma32-batch32-ada-target0.6-resumecustom
12.86540359,0.733617529,1.359530998,24.1407207,0.031394757,0.028904196,0.376079441,12.73979377,0.393678844,516.1599922,80.03199768,00004-frames_extraidos-11gb-gpu-gamma32-batch32-ada-target0.6-resumecustom
12.96510449,0.73155954,1.364113357,,,,,,,520.1599922,84.03199768,00004-frames_extraidos-11gb-gpu-gamma32-batch32-ada-target0.6-resumecustom
13.06480539,0.76167143,1.351811203,,,,,,,524.1599922,88.03199768,00004-frames_extraidos-11gb-gpu-gamma32-batch32-ada-target0.6-resumecustom
13.16450629,0.749239584,1.343105613,,,,,,,528.1599922,92.03199768,00004-frames_extraidos-11gb-gpu-gamma32-batch32-ada-target0.6-resumecustom
13.16530389,0.717212319,1.347325206,24.83273594,0.037926455,0.037326879,0.375559875,12.7684999,0.393024981,528.1919922,0.032000002,00005-frames_extraidos-11gb-gpu-gamma32-batch32-ada-target0.6-resumecustom
13.26500479,0.774308741,1.326160213,,,,,,,532.1919923,4.032000065,00005-frames_extraidos-11gb-gpu-gamma32-batch32-ada-target0.6-resumecustom
13.36470568,0.736161939,1.350655995,,,,,,,536.1919918,8.031999588,00005-frames_extraidos-11gb-gpu-gamma32-batch32-ada-target0.6-resumecustom
13.46440658,0.721439662,1.362704158,,,,,,,540.1919918,12.03199959,00005-frames_extraidos-11gb-gpu-gamma32-batch32-ada-target0.6-resumecustom
13.56410747,0.72640201,1.362485537,21.99883011,0.027460659,0.024027565,0.378547196,12.71672262,0.391370684,544.1919918,16.03199959,00005-frames_extraidos-11gb-gpu-gamma32-batch32-ada-target0.6-resumecustom
13.66380837,0.727337045,1.36547929,,,,,,,548.1919918,20.03199959,00005-frames_extraidos-11gb-gpu-gamma32-batch32-ada-target0.6-resumecustom
13.76350927,0.727805795,1.36475052,,,,,,,552.1919918,24.03199959,00005-frames_extraidos-11gb-gpu-gamma32-batch32-ada-target0.6-resumecustom
13.86321016,0.74992217,1.358963223,,,,,,,556.1919918,28.03199959,00005-frames_extraidos-11gb-gpu-gamma32-batch32-ada-target0.6-resumecustom
13.96291111,0.726092783,1.355992331,25.50320904,0.02445293,0.018299076,0.368742602,12.69759447,0.390954405,560.1919937,32.0320015,00005-frames_extraidos-11gb-gpu-gamma32-batch32-ada-target0.6-resumecustom
14.06261201,0.79460947,1.341307441,,,,,,,564.1919937,36.0320015,00005-frames_extraidos-11gb-gpu-gamma32-batch32-ada-target0.6-resumecustom
14.1623129,0.741286913,1.342751502,,,,,,,568.1919937,40.0320015,00005-frames_extraidos-11gb-gpu-gamma32-batch32-ada-target0.6-resumecustom
14.2620138,0.73913716,1.353163472,,,,,,,572.1919937,44.0320015,00005-frames_extraidos-11gb-gpu-gamma32-batch32-ada-target0.6-resumecustom
14.3617147,0.735290741,1.357768512,22.73146643,0.031542465,0.020491906,0.371229821,12.69406389,0.393649936,576.1919937,48.0320015,00005-frames_extraidos-11gb-gpu-gamma32-batch32-ada-target0.6-resumecustom
14.4614156,0.751332064,1.349483212,,,,,,,580.1919937,52.0320015,00005-frames_extraidos-11gb-gpu-gamma32-batch32-ada-target0.6-resumecustom
14.56111649,0.774503446,1.356405388,,,,,,,584.1919937,56.0320015,00005-frames_extraidos-11gb-gpu-gamma32-batch32-ada-target0.6-resumecustom
14.66081739,0.745930094,1.347650632,,,,,,,588.1919937,60.0320015,00005-frames_extraidos-11gb-gpu-gamma32-batch32-ada-target0.6-resumecustom
14.76051819,0.720732277,1.361804315,23.79177334,0.029031017,0.021304428,0.376590366,12.66975407,0.393894643,592.1919899,64.03199768,00005-frames_extraidos-11gb-gpu-gamma32-batch32-ada-target0.6-resumecustom
14.86021909,0.725349181,1.36001445,,,,,,,596.1919899,68.03199768,00005-frames_extraidos-11gb-gpu-gamma32-batch32-ada-target0.6-resumecustom
14.95991999,0.721936692,1.364776718,,,,,,,600.1919899,72.03199768,00005-frames_extraidos-11gb-gpu-gamma32-batch32-ada-target0.6-resumecustom
15.05962088,0.730552505,1.362664456,,,,,,,604.1919899,76.03199768,00005-frames_extraidos-11gb-gpu-gamma32-batch32-ada-target0.6-resumecustom
15.15932178,0.722378213,1.364987121,23.47389771,0.02054395,0.019685648,0.379156746,12.72381847,0.393865436,608.1919899,80.03199768,00005-frames_extraidos-11gb-gpu-gamma32-batch32-ada-target0.6-resumecustom
15.25902268,0.725329708,1.363794591,,,,,,,612.1919899,84.03199768,00005-frames_extraidos-11gb-gpu-gamma32-batch32-ada-target0.6-resumecustom
15.35872358,0.72007082,1.367984809,,,,,,,616.1919899,88.03199768,00005-frames_extraidos-11gb-gpu-gamma32-batch32-ada-target0.6-resumecustom
15.45842447,0.721316526,1.366513634,,,,,,,620.1919899,92.03199768,00005-frames_extraidos-11gb-gpu-gamma32-batch32-ada-target0.6-resumecustom
15.55812537,0.721360749,1.366299329,21.80868768,0.020390315,0.021679637,0.380293301,12.73462231,0.393267989,624.1919899,96.03199768,00005-frames_extraidos-11gb-gpu-gamma32-batch32-ada-target0.6-resumecustom
15.65782627,0.721116274,1.366843472,,,,,,,628.1919899,100.0319977,00005-frames_extraidos-11gb-gpu-gamma32-batch32-ada-target0.6-resumecustom
15.75752717,0.72015988,1.368887617,,,,,,,632.1919899,104.0319977,00005-frames_extraidos-11gb-gpu-gamma32-batch32-ada-target0.6-resumecustom
15.85722806,0.719906083,1.367061193,,,,,,,636.1919899,108.0319977,00005-frames_extraidos-11gb-gpu-gamma32-batch32-ada-target0.6-resumecustom
15.95692896,0.725893035,1.364842237,23.45069707,0.020203017,0.022200047,0.378493352,12.73165803,0.391786098,640.1919899,112.0319977,00005-frames_extraidos-11gb-gpu-gamma32-batch32-ada-target0.6-resumecustom
16.05662986,0.740542665,1.359431022,,,,,,,644.1919899,116.0319977,00005-frames_extraidos-11gb-gpu-gamma32-batch32-ada-target0.6-resumecustom
16.15633076,0.715619524,1.365378207,,,,,,,648.1919899,120.0319977,00005-frames_extraidos-11gb-gpu-gamma32-batch32-ada-target0.6-resumecustom
16.25603165,0.719935529,1.365611572,,,,,,,652.1919899,124.0319977,00005-frames_extraidos-11gb-gpu-gamma32-batch32-ada-target0.6-resumecustom
16.35573255,0.719361372,1.364926597,22.27283934,0.023490216,0.023213023,0.379561795,12.79490743,0.393066078,656.1919899,128.0319977,00005-frames_extraidos-11gb-gpu-gamma32-batch32-ada-target0.6-resumecustom
16.35653016,0.660079122,1.360860109,22.09267009,0.023507906,0.023418031,0.37947779,12.79452784,0.393107951,656.2239899,0.032000002,00006-frames_extraidos-11gb-gpu-gamma32-batch32-ada-target0.6-resumecustom
16.45623106,0.723431154,1.366079796,,,,,,,660.22399,4.032000065,00006-frames_extraidos-11gb-gpu-gamma32-batch32-ada-target0.6-resumecustom
16.55593194,0.725452596,1.365147824,,,,,,,664.2239895,8.031999588,00006-frames_extraidos-11gb-gpu-gamma32-batch32-ada-target0.6-resumecustom
16.65563284,0.730927116,1.361184067,,,,,,,668.2239895,12.03199959,00006-frames_extraidos-11gb-gpu-gamma32-batch32-ada-target0.6-resumecustom
16.75533374,0.73139951,1.359670528,21.38406459,0.025838246,0.023365245,0.377773917,12.76957316,0.392351419,672.2239895,16.03199959,00006-frames_extraidos-11gb-gpu-gamma32-batch32-ada-target0.6-resumecustom
16.85503463,0.734502997,1.357315228,,,,,,,676.2239895,20.03199959,00006-frames_extraidos-11gb-gpu-gamma32-batch32-ada-target0.6-resumecustom
16.95473553,0.735203942,1.35134963,,,,,,,680.2239895,24.03199959,00006-frames_extraidos-11gb-gpu-gamma32-batch32-ada-target0.6-resumecustom
17.05443643,0.732358449,1.355813606,,,,,,,684.2239895,28.03199959,00006-frames_extraidos-11gb-gpu-gamma32-batch32-ada-target0.6-resumecustom
17.15413737,0.730272614,1.357863441,22.74199565,0.02407318,0.025725053,0.371514642,12.71203594,0.392552853,688.2239914,32.0320015,00006-frames_extraidos-11gb-gpu-gamma32-batch32-ada-target0.6-resumecustom
17.25383827,0.729760293,1.35814386,,,,,,,692.2239914,36.0320015,00006-frames_extraidos-11gb-gpu-gamma32-batch32-ada-target0.6-resumecustom
17.35353917,0.720785321,1.363527948,,,,,,,696.2239914,40.0320015,00006-frames_extraidos-11gb-gpu-gamma32-batch32-ada-target0.6-resumecustom
17.45324006,0.713632985,1.371075119,,,,,,,700.2239914,44.0320015,00006-frames_extraidos-11gb-gpu-gamma32-batch32-ada-target0.6-resumecustom
17.55294096,0.718107601,1.370506042,21.03690604,0.021918601,0.02212972,0.376925764,12.67946834,0.39389053,704.2239914,48.0320015,00006-frames_extraidos-11gb-gpu-gamma32-batch32-ada-target0.6-resumecustom
17.65264186,0.722300823,1.366261244,,,,,,,708.2239914,52.0320015,00006-frames_extraidos-11gb-gpu-gamma32-batch32-ada-target0.6-resumecustom
17.75234276,0.724574054,1.363020319,,,,,,,712.2239914,56.0320015,00006-frames_extraidos-11gb-gpu-gamma32-batch32-ada-target0.6-resumecustom
17.85204365,0.714713035,1.370557949,,,,,,,716.2239914,60.0320015,00006-frames_extraidos-11gb-gpu-gamma32-batch32-ada-target0.6-resumecustom
17.95174446,0.718659212,1.370390538,21.89036469,0.024762732,0.021710806,0.376084489,12.66772861,0.393851578,720.2239876,64.03199768,00006-frames_extraidos-11gb-gpu-gamma32-batch32-ada-target0.6-resumecustom
18.05144535,0.710415998,1.372733145,,,,,,,724.2239876,68.03199768,00006-frames_extraidos-11gb-gpu-gamma32-batch32-ada-target0.6-resumecustom
18.15114625,0.71377254,1.371817612,,,,,,,728.2239876,72.03199768,00006-frames_extraidos-11gb-gpu-gamma32-batch32-ada-target0.6-resumecustom
18.25084715,0.714189462,1.371836289,,,,,,,732.2239876,76.03199768,00006-frames_extraidos-11gb-gpu-gamma32-batch32-ada-target0.6-resumecustom
18.35054805,0.713124091,1.373457616,20.85465489,0.019347025,0.020041963,0.376246881,12.68982889,0.394010812,736.2239876,80.03199768,00006-frames_extraidos-11gb-gpu-gamma32-batch32-ada-target0.6-resumecustom
18.45024894,0.712446858,1.3726124,,,,,,,740.2239876,84.03199768,00006-frames_extraidos-11gb-gpu-gamma32-batch32-ada-target0.6-resumecustom
18.54994984,0.711377281,1.374084499,,,,,,,744.2239876,88.03199768,00006-frames_extraidos-11gb-gpu-gamma32-batch32-ada-target0.6-resumecustom
18.64965074,0.712055466,1.373624722,,,,,,,748.2239876,92.03199768,00006-frames_extraidos-11gb-gpu-gamma32-batch32-ada-target0.6-resumecustom
18.74935163,0.711308111,1.374226148,19.01014947,0.017114176,0.020069543,0.380647982,12.71366302,0.393012762,752.2239876,96.03199768,00006-frames_extraidos-11gb-gpu-gamma32-batch32-ada-target0.6-resumecustom
18.84905253,0.711691342,1.37489737,,,,,,,756.2239876,100.0319977,00006-frames_extraidos-11gb-gpu-gamma32-batch32-ada-target0.6-resumecustom
18.94875343,0.712443336,1.373317875,,,,,,,760.2239876,104.0319977,00006-frames_extraidos-11gb-gpu-gamma32-batch32-ada-target0.6-resumecustom
19.04845433,0.723140846,1.369406866,,,,,,,764.2239876,108.0319977,00006-frames_extraidos-11gb-gpu-gamma32-batch32-ada-target0.6-resumecustom
19.14815522,0.716198013,1.369367719,19.56838224,0.01696097,0.020847696,0.377228128,12.72271044,0.392661721,768.2239876,112.0319977,00006-frames_extraidos-11gb-gpu-gamma32-batch32-ada-target0.6-resumecustom
19.24785612,0.718297599,1.36811375,,,,,,,772.2239876,116.0319977,00006-frames_extraidos-11gb-gpu-gamma32-batch32-ada-target0.6-resumecustom
19.34755702,0.717991899,1.365186858,,,,,,,776.2239876,120.0319977,00006-frames_extraidos-11gb-gpu-gamma32-batch32-ada-target0.6-resumecustom
19.44725792,0.721924224,1.364880272,,,,,,,780.2239876,124.0319977,00006-frames_extraidos-11gb-gpu-gamma32-batch32-ada-target0.6-resumecustom
19.54695881,0.721580149,1.364476699,19.69823669,0.017069302,0.025722228,0.377504861,12.72469824,0.392555475,784.2239876,128.0319977,00006-frames_extraidos-11gb-gpu-gamma32-batch32-ada-target0.6-resumecustom
19.64665971,0.718848536,1.365202663,,,,,,,788.2239876,132.0319977,00006-frames_extraidos-11gb-gpu-gamma32-batch32-ada-target0.6-resumecustom
19.74636061,0.72011076,1.364724423,,,,,,,792.2239876,136.0319977,00006-frames_extraidos-11gb-gpu-gamma32-batch32-ada-target0.6-resumecustom
19.8460615,0.71127157,1.372195727,,,,,,,796.2239876,140.0319977,00006-frames_extraidos-11gb-gpu-gamma32-batch32-ada-target0.6-resumecustom
19.84685911,0.768217266,1.311815143,33.96592467,0.031135176,0.021315447,0.363375401,12.85964591,0.397246003,796.2559876,0.032000002,00008-frames_extraidos-11gb-gpu-gamma32-batch32-ada-target0.6-resumecustom
19.94656001,0.76150961,1.322761338,,,,,,,800.2559876,4.032000065,00008-frames_extraidos-11gb-gpu-gamma32-batch32-ada-target0.6-resumecustom
20.0462609,0.721352805,1.353625008,,,,,,,804.2559872,8.031999588,00008-frames_extraidos-11gb-gpu-gamma32-batch32-ada-target0.6-resumecustom
20.14596179,0.731442142,1.355877359,,,,,,,808.2559872,12.03199959,00008-frames_extraidos-11gb-gpu-gamma32-batch32-ada-target0.6-resumecustom
20.24566269,0.720897179,1.361762612,23.82342485,0.027488747,0.019566858,0.377043488,12.6946843,0.394108474,812.2559872,16.03199959,00008-frames_extraidos-11gb-gpu-gamma32-batch32-ada-target0.6-resumecustom
20.34536359,0.727848794,1.358803838,,,,,,,816.2559872,20.03199959,00008-frames_extraidos-11gb-gpu-gamma32-batch32-ada-target0.6-resumecustom
20.44506449,0.715259166,1.366656889,,,,,,,820.2559872,24.03199959,00008-frames_extraidos-11gb-gpu-gamma32-batch32-ada-target0.6-resumecustom
20.54476538,0.721259409,1.364491096,,,,,,,824.2559872,28.03199959,00008-frames_extraidos-11gb-gpu-gamma32-batch32-ada-target0.6-resumecustom
20.64446633,0.720351222,1.364922841,20.41337404,0.020423012,0.022170569,0.380012766,12.69266276,0.393642008,828.2559891,32.0320015,00008-frames_extraidos-11gb-gpu-gamma32-batch32-ada-target0.6-resumecustom
20.74416723,0.724613315,1.361558153,,,,,,,832.2559891,36.0320015,00008-frames_extraidos-11gb-gpu-gamma32-batch32-ada-target0.6-resumecustom
20.84386812,0.718229997,1.363599597,,,,,,,836.2559891,40.0320015,00008-frames_extraidos-11gb-gpu-gamma32-batch32-ada-target0.6-resumecustom
20.94356902,0.718312056,1.366505943,,,,,,,840.2559891,44.0320015,00008-frames_extraidos-11gb-gpu-gamma32-batch32-ada-target0.6-resumecustom
20.94436663,0.81806761,1.354963779,18.18730811,0.016718274,0.02697508,0.381058237,12.71093143,0.394186765,840.2879891,0.032000002,00009-frames_extraidos-11gb-gpu-gamma32-batch32-ada-target0.6-resumecustom
21.04406753,0.731617611,1.353635657,,,,,,,844.2879891,4.032000065,00009-frames_extraidos-11gb-gpu-gamma32-batch32-ada-target0.6-resumecustom
21.14376841,0.719410145,1.358787117,,,,,,,848.2879887,8.031999588,00009-frames_extraidos-11gb-gpu-gamma32-batch32-ada-target0.6-resumecustom
21.24346931,0.718476109,1.362202637,,,,,,,852.2879887,12.03199959,00009-frames_extraidos-11gb-gpu-gamma32-batch32-ada-target0.6-resumecustom
21.34317021,0.716116988,1.364479876,17.52227567,0.019274186,0.02242899,0.381356083,12.71729055,0.392891526,856.2879887,16.03199959,00009-frames_extraidos-11gb-gpu-gamma32-batch32-ada-target0.6-resumecustom
21.4428711,0.716618104,1.365306573,,,,,,,860.2879887,20.03199959,00009-frames_extraidos-11gb-gpu-gamma32-batch32-ada-target0.6-resumecustom
21.542572,0.716399862,1.367465901,,,,,,,864.2879887,24.03199959,00009-frames_extraidos-11gb-gpu-gamma32-batch32-ada-target0.6-resumecustom
21.6422729,0.718829591,1.364541106,,,,,,,868.2879887,28.03199959,00009-frames_extraidos-11gb-gpu-gamma32-batch32-ada-target0.6-resumecustom
21.74197384,0.718793226,1.365990982,18.32273299,0.018809957,0.022308956,0.37989643,12.70625328,0.393114209,872.2879906,32.0320015,00009-frames_extraidos-11gb-gpu-gamma32-batch32-ada-target0.6-resumecustom
21.84167474,0.719109025,1.363656054,,,,,,,876.2879906,36.0320015,00009-frames_extraidos-11gb-gpu-gamma32-batch32-ada-target0.6-resumecustom
21.94137564,0.717543384,1.36200486,,,,,,,880.2879906,40.0320015,00009-frames_extraidos-11gb-gpu-gamma32-batch32-ada-target0.6-resumecustom
22.04107653,0.719854112,1.364867211,,,,,,,884.2879906,44.0320015,00009-frames_extraidos-11gb-gpu-gamma32-batch32-ada-target0.6-resumecustom
22.14077743,0.72069629,1.362199147,18.59361825,0.013493984,0.021551468,0.378726474,12.72313517,0.393885314,888.2879906,48.0320015,00009-frames_extraidos-11gb-gpu-gamma32-batch32-ada-target0.6-resumecustom
22.24047833,0.726807312,1.356160311,,,,,,,892.2879906,52.0320015,00009-frames_extraidos-11gb-gpu-gamma32-batch32-ada-target0.6-resumecustom
22.34017923,0.72797649,1.355073747,,,,,,,896.2879906,56.0320015,00009-frames_extraidos-11gb-gpu-gamma32-batch32-ada-target0.6-resumecustom
22.43988012,0.72705635,1.356230045,,,,,,,900.2879906,60.0320015,00009-frames_extraidos-11gb-gpu-gamma32-batch32-ada-target0.6-resumecustom
22.53958093,0.725664249,1.354103663,19.26172231,0.018126065,0.021743105,0.37861385,12.75793605,0.392911881,904.2879868,64.03199768,00009-frames_extraidos-11gb-gpu-gamma32-batch32-ada-target0.6-resumecustom
22.63928182,0.720110185,1.359915626,,,,,,,908.2879868,68.03199768,00009-frames_extraidos-11gb-gpu-gamma32-batch32-ada-target0.6-resumecustom
22.73898272,0.720990594,1.361509989,,,,,,,912.2879868,72.03199768,00009-frames_extraidos-11gb-gpu-gamma32-batch32-ada-target0.6-resumecustom
22.83868362,0.717648719,1.362416563,,,,,,,916.2879868,76.03199768,00009-frames_extraidos-11gb-gpu-gamma32-batch32-ada-target0.6-resumecustom
22.93838452,0.720690484,1.359874725,18.02798257,0.020968698,0.024542253,0.37906151,12.75524199,0.393190235,920.2879868,80.03199768,00009-frames_extraidos-11gb-gpu-gamma32-batch32-ada-target0.6-resumecustom
23.03808541,0.715064082,1.365740681,,,,,,,924.2879868,84.03199768,00009-frames_extraidos-11gb-gpu-gamma32-batch32-ada-target0.6-resumecustom
23.13778631,0.72106817,1.362605388,,,,,,,928.2879868,88.03199768,00009-frames_extraidos-11gb-gpu-gamma32-batch32-ada-target0.6-resumecustom
23.23748721,0.729196574,1.355400007,,,,,,,932.2879868,92.03199768,00009-frames_extraidos-11gb-gpu-gamma32-batch32-ada-target0.6-resumecustom
23.3371881,0.737488509,1.345067204,18.70978919,0.020205103,0.02580991,0.3780987,12.78135236,0.393660814,936.2879868,96.03199768,00009-frames_extraidos-11gb-gpu-gamma32-batch32-ada-target0.6-resumecustom
23.436889,0.735670387,1.346790194,,,,,,,940.2879868,100.0319977,00009-frames_extraidos-11gb-gpu-gamma32-batch32-ada-target0.6-resumecustom
23.5365899,0.755772036,1.326130194,,,,,,,944.2879868,104.0319977,00009-frames_extraidos-11gb-gpu-gamma32-batch32-ada-target0.6-resumecustom
23.6362908,0.805036564,1.288800427,,,,,,,948.2879868,108.0319977,00009-frames_extraidos-11gb-gpu-gamma32-batch32-ada-target0.6-resumecustom
23.73599169,0.774701588,1.304443867,23.55608997,0.023278931,0.027505571,0.370508268,12.81464844,0.394932777,952.2879868,112.0319977,00009-frames_extraidos-11gb-gpu-gamma32-batch32-ada-target0.6-resumecustom
23.83569259,0.744285003,1.320495311,,,,,,,956.2879868,116.0319977,00009-frames_extraidos-11gb-gpu-gamma32-batch32-ada-target0.6-resumecustom
23.93539349,0.739628148,1.331208711,,,,,,,960.2879868,120.0319977,00009-frames_extraidos-11gb-gpu-gamma32-batch32-ada-target0.6-resumecustom
24.03509439,0.737180703,1.340545911,,,,,,,964.2879868,124.0319977,00009-frames_extraidos-11gb-gpu-gamma32-batch32-ada-target0.6-resumecustom
24.13479528,0.73660104,1.34016462,22.77661976,0.019033108,0.021290829,0.375705363,12.77858518,0.394637465,968.2879868,128.0319977,00009-frames_extraidos-11gb-gpu-gamma32-batch32-ada-target0.6-resumecustom
24.23449618,0.732318984,1.344668746,,,,,,,972.2879868,132.0319977,00009-frames_extraidos-11gb-gpu-gamma32-batch32-ada-target0.6-resumecustom
24.33419708,0.746839734,1.340350696,,,,,,,976.2879868,136.0319977,00009-frames_extraidos-11gb-gpu-gamma32-batch32-ada-target0.6-resumecustom
24.43389797,0.761737719,1.32170357,,,,,,,980.2879868,140.0319977,00009-frames_extraidos-11gb-gpu-gamma32-batch32-ada-target0.6-resumecustom
24.43469558,0.835280299,1.297321081,24.24576123,0.019930899,0.023180294,0.371797432,12.82671828,0.39516288,980.3199868,0.032000002,00010-frames_extraidos-11gb-gpu-gamma32-batch32-ada-target0.6-resumecustom
24.53439648,0.87731406,1.218523361,,,,,,,984.3199868,4.032000065,00010-frames_extraidos-11gb-gpu-gamma32-batch32-ada-target0.6-resumecustom
24.63409737,0.870847684,1.206087723,,,,,,,988.3199863,8.031999588,00010-frames_extraidos-11gb-gpu-gamma32-batch32-ada-target0.6-resumecustom
24.73379826,0.777078718,1.289317374,,,,,,,992.3199863,12.03199959,00010-frames_extraidos-11gb-gpu-gamma32-batch32-ada-target0.6-resumecustom
24.83349916,0.770410702,1.298622524,28.81606175,0.024729744,0.021929808,0.364219985,12.86125253,0.394303411,996.3199863,16.03199959,00010-frames_extraidos-11gb-gpu-gamma32-batch32-ada-target0.6-resumecustom
24.93320006,0.73380732,1.336375879,,,,,,,1000.319986,20.03199959,00010-frames_extraidos-11gb-gpu-gamma32-batch32-ada-target0.6-resumecustom
25.03290096,0.741181356,1.335306058,,,,,,,1004.319986,24.03199959,00010-frames_extraidos-11gb-gpu-gamma32-batch32-ada-target0.6-resumecustom
25.13260185,0.752090815,1.324701944,,,,,,,1008.319986,28.03199959,00010-frames_extraidos-11gb-gpu-gamma32-batch32-ada-target0.6-resumecustom
25.2323028,0.762590542,1.32118565,26.16897808,0.024029356,0.026471822,0.374563089,12.84905487,0.393463194,1012.319988,32.0320015,00010-frames_extraidos-11gb-gpu-gamma32-batch32-ada-target0.6-resumecustom
25.3320037,0.768485271,1.309700586,,,,,,,1016.319988,36.0320015,00010-frames_extraidos-11gb-gpu-gamma32-batch32-ada-target0.6-resumecustom
25.43170459,0.736028215,1.332458072,,,,,,,1020.319988,40.0320015,00010-frames_extraidos-11gb-gpu-gamma32-batch32-ada-target0.6-resumecustom
25.53140549,0.756411732,1.327938327,,,,,,,1024.319988,44.0320015,00010-frames_extraidos-11gb-gpu-gamma32-batch32-ada-target0.6-resumecustom
25.63110639,0.770480482,1.309114415,26.68677231,0.022790774,0.025740527,0.373939857,12.88827272,0.393769979,1028.319988,48.0320015,00010-frames_extraidos-11gb-gpu-gamma32-batch32-ada-target0.6-resumecustom
25.73080728,0.849179868,1.26232309,,,,,,,1032.319988,52.0320015,00010-frames_extraidos-11gb-gpu-gamma32-batch32-ada-target0.6-resumecustom
25.83050818,0.82998043,1.247214075,,,,,,,1036.319988,56.0320015,00010-frames_extraidos-11gb-gpu-gamma32-batch32-ada-target0.6-resumecustom
25.93020908,0.809560979,1.258263466,,,,,,,1040.319988,60.0320015,00010-frames_extraidos-11gb-gpu-gamma32-batch32-ada-target0.6-resumecustom
26.02990988,0.802219358,1.273217415,32.95189854,0.025742563,0.019305454,0.365465609,12.92486485,0.396069795,1044.319984,64.03199768,00010-frames_extraidos-11gb-gpu-gamma32-batch32-ada-target0.6-resumecustom
26.12961078,0.76645539,1.297507664,,,,,,,1048.319984,68.03199768,00010-frames_extraidos-11gb-gpu-gamma32-batch32-ada-target0.6-resumecustom
26.22931168,0.731367313,1.341063939,,,,,,,1052.319984,72.03199768,00010-frames_extraidos-11gb-gpu-gamma32-batch32-ada-target0.6-resumecustom
26.32901257,0.728124169,1.346132733,,,,,,,1056.319984,76.03199768,00010-frames_extraidos-11gb-gpu-gamma32-batch32-ada-target0.6-resumecustom
26.42871347,0.74332651,1.338352352,26.71022393,0.026024508,0.023271039,0.375718642,12.83185439,0.395596176,1060.319984,80.03199768,00010-frames_extraidos-11gb-gpu-gamma32-batch32-ada-target0.6-resumecustom
26.52841437,0.745065919,1.334072309,,,,,,,1064.319984,84.03199768,00010-frames_extraidos-11gb-gpu-gamma32-batch32-ada-target0.6-resumecustom
26.62811527,0.723210103,1.351638076,,,,,,,1068.319984,88.03199768,00010-frames_extraidos-11gb-gpu-gamma32-batch32-ada-target0.6-resumecustom
26.72781616,0.734409501,1.348665028,,,,,,,1072.319984,92.03199768,00010-frames_extraidos-11gb-gpu-gamma32-batch32-ada-target0.6-resumecustom
26.82751706,0.736242667,1.342560816,24.59524868,0.023067343,0.021643889,0.378424531,12.8202698,0.394584,1076.319984,96.03199768,00010-frames_extraidos-11gb-gpu-gamma32-batch32-ada-target0.6-resumecustom
26.92721796,0.748383673,1.332500566,,,,,,,1080.319984,100.0319977,00010-frames_extraidos-11gb-gpu-gamma32-batch32-ada-target0.6-resumecustom
27.02691885,0.753104612,1.326541222,,,,,,,1084.319984,104.0319977,00010-frames_extraidos-11gb-gpu-gamma32-batch32-ada-target0.6-resumecustom
27.12661975,0.788321432,1.294839713,,,,,,,1088.319984,108.0319977,00010-frames_extraidos-11gb-gpu-gamma32-batch32-ada-target0.6-resumecustom
27.22632065,0.747796962,1.316113407,29.53706224,0.02784159,0.0234665,0.374721667,12.90179181,0.393195212,1092.319984,112.0319977,00010-frames_extraidos-11gb-gpu-gamma32-batch32-ada-target0.6-resumecustom
27.32602155,0.763631352,1.311837608,,,,,,,1096.319984,116.0319977,00010-frames_extraidos-11gb-gpu-gamma32-batch32-ada-target0.6-resumecustom
27.42572244,0.73635987,1.330852227,,,,,,,1100.319984,120.0319977,00010-frames_extraidos-11gb-gpu-gamma32-batch32-ada-target0.6-resumecustom
27.52542334,0.749110663,1.327524927,,,,,,,1104.319984,124.0319977,00010-frames_extraidos-11gb-gpu-gamma32-batch32-ada-target0.6-resumecustom
27.62512424,0.760753223,1.318582674,29.74040255,0.02047714,0.020586505,0.376959556,12.95888498,0.393448055,1108.319984,128.0319977,00010-frames_extraidos-11gb-gpu-gamma32-batch32-ada-target0.6-resumecustom
27.72482514,0.758861716,1.314668958,,,,,,,1112.319984,132.0319977,00010-frames_extraidos-11gb-gpu-gamma32-batch32-ada-target0.6-resumecustom
27.72562274,0.569345713,1.347627163,29.77666823,0.020611646,0.020589244,0.376911406,12.96106057,0.393387914,1112.351984,0.032000002,00011-frames_extraidos-11gb-gpu-gamma32-batch32-ada-target0.6-resumecustom
27.82532364,0.769948362,1.309075442,,,,,,,1116.351985,4.032000065,00011-frames_extraidos-11gb-gpu-gamma32-batch32-ada-target0.6-resumecustom
27.92502453,0.73942815,1.332127169,,,,,,,1120.351984,8.031999588,00011-frames_extraidos-11gb-gpu-gamma32-batch32-ada-target0.6-resumecustom
28.02472542,0.747715335,1.325023555,,,,,,,1124.351984,12.03199959,00011-frames_extraidos-11gb-gpu-gamma32-batch32-ada-target0.6-resumecustom
28.12442632,0.738945881,1.331404184,23.91115414,0.017711091,0.020979497,0.379440717,12.94177619,0.39191103,1128.351984,16.03199959,00011-frames_extraidos-11gb-gpu-gamma32-batch32-ada-target0.6-resumecustom
28.22412722,0.752328627,1.323615962,,,,,,,1132.351984,20.03199959,00011-frames_extraidos-11gb-gpu-gamma32-batch32-ada-target0.6-resumecustom
28.32382812,0.758078444,1.322169109,,,,,,,1136.351984,24.03199959,00011-frames_extraidos-11gb-gpu-gamma32-batch32-ada-target0.6-resumecustom
28.42352901,0.74938817,1.315522259,,,,,,,1140.351984,28.03199959,00011-frames_extraidos-11gb-gpu-gamma32-batch32-ada-target0.6-resumecustom
28.52322996,0.783116485,1.297570316,20.84849073,0.014086697,0.021013732,0.381292183,12.92446269,0.393279135,1144.351986,32.0320015,00011-frames_extraidos-11gb-gpu-gamma32-batch32-ada-target0.6-resumecustom
28.62293086,0.764318952,1.307447178,,,,,,,1148.351986,36.0320015,00011-frames_extraidos-11gb-gpu-gamma32-batch32-ada-target0.6-resumecustom
28.72263175,0.808917031,1.2776977,,,,,,,1152.351986,40.0320015,00011-frames_extraidos-11gb-gpu-gamma32-batch32-ada-target0.6-resumecustom
28.82233265,0.737780962,1.325593795,,,,,,,1156.351986,44.0320015,00011-frames_extraidos-11gb-gpu-gamma32-batch32-ada-target0.6-resumecustom
28.92203355,0.757332973,1.308133095,19.93294274,0.010414679,0.02127883,0.382247762,12.92553118,0.394028932,1160.351986,48.0320015,00011-frames_extraidos-11gb-gpu-gamma32-batch32-ada-target0.6-resumecustom
29.02173444,0.765472161,1.311899131,,,,,,,1164.351986,52.0320015,00011-frames_extraidos-11gb-gpu-gamma32-batch32-ada-target0.6-resumecustom
29.12143534,0.736487962,1.328945258,,,,,,,1168.351986,56.0320015,00011-frames_extraidos-11gb-gpu-gamma32-batch32-ada-target0.6-resumecustom
29.22113624,0.75637287,1.318201675,,,,,,,1172.351986,60.0320015,00011-frames_extraidos-11gb-gpu-gamma32-batch32-ada-target0.6-resumecustom
29.32083704,0.761463499,1.315224332,21.11410543,0.012430337,0.022240269,0.381395276,12.93772077,0.39409706,1176.351982,64.03199768,00011-frames_extraidos-11gb-gpu-gamma32-batch32-ada-target0.6-resumecustom
29.42053794,0.7643872,1.314202455,,,,,,,1180.351982,68.03199768,00011-frames_extraidos-11gb-gpu-gamma32-batch32-ada-target0.6-resumecustom
29.52023884,0.730498317,1.337233539,,,,,,,1184.351982,72.03199768,00011-frames_extraidos-11gb-gpu-gamma32-batch32-ada-target0.6-resumecustom
29.61993973,0.738524751,1.338534147,,,,,,,1188.351982,76.03199768,00011-frames_extraidos-11gb-gpu-gamma32-batch32-ada-target0.6-resumecustom
29.71964063,0.742071142,1.333769163,22.6148992,0.015275696,0.02398363,0.379132774,12.90747522,0.393607289,1192.351982,80.03199768,00011-frames_extraidos-11gb-gpu-gamma32-batch32-ada-target0.6-resumecustom
29.81934153,0.755169524,1.320824569,,,,,,,1196.351982,84.03199768,00011-frames_extraidos-11gb-gpu-gamma32-batch32-ada-target0.6-resumecustom
29.91904243,0.760645276,1.311604674,,,,,,,1200.351982,88.03199768,00011-frames_extraidos-11gb-gpu-gamma32-batch32-ada-target0.6-resumecustom
30.01874332,0.777990415,1.294538462,,,,,,,1204.351982,92.03199768,00011-frames_extraidos-11gb-gpu-gamma32-batch32-ada-target0.6-resumecustom
30.11844422,0.777424454,1.287324102,25.95743662,0.0206382,0.025094513,0.378233259,12.96460165,0.394076347,1208.351982,96.03199768,00011-frames_extraidos-11gb-gpu-gamma32-batch32-ada-target0.6-resumecustom
30.21814512,0.774626275,1.288214495,,,,,,,1212.351982,100.0319977,00011-frames_extraidos-11gb-gpu-gamma32-batch32-ada-target0.6-resumecustom
30.31784601,0.817000103,1.251015094,,,,,,,1216.351982,104.0319977,00011-frames_extraidos-11gb-gpu-gamma32-batch32-ada-target0.6-resumecustom
30.41754691,0.827841464,1.228236423,,,,,,,1220.351982,108.0319977,00011-frames_extraidos-11gb-gpu-gamma32-batch32-ada-target0.6-resumecustom
30.51724781,0.874089295,1.202496673,34.85519633,0.034592011,0.022592594,0.378812826,13.21573408,0.395982385,1224.351982,112.0319977,00011-frames_extraidos-11gb-gpu-gamma32-batch32-ada-target0.6-resumecustom
30.61694871,0.822561358,1.232362398,,,,,,,1228.351982,116.0319977,00011-frames_extraidos-11gb-gpu-gamma32-batch32-ada-target0.6-resumecustom
30.7166496,0.810655979,1.235058418,,,,,,,1232.351982,120.0319977,00011-frames_extraidos-11gb-gpu-gamma32-batch32-ada-target0.6-resumecustom
30.8163505,0.900655912,1.15869417,,,,,,,1236.351982,124.0319977,00011-frames_extraidos-11gb-gpu-gamma32-batch32-ada-target0.6-resumecustom
30.9160514,0.980269046,1.093025791,58.91925949,0.104671074,0.02562462,0.372212826,13.30882592,0.403190792,1240.351982,128.0319977,00011-frames_extraidos-11gb-gpu-gamma32-batch32-ada-target0.6-resumecustom
31.0157523,1.053860459,1.04735909,,,,,,,1244.351982,132.0319977,00011-frames_extraidos-11gb-gpu-gamma32-batch32-ada-target0.6-resumecustom
31.11545319,1.066989511,1.047021288,,,,,,,1248.351982,136.0319977,00011-frames_extraidos-11gb-gpu-gamma32-batch32-ada-target0.6-resumecustom
31.21515409,1.041458897,1.066880388,,,,,,,1252.351982,140.0319977,00011-frames_extraidos-11gb-gpu-gamma32-batch32-ada-target0.6-resumecustom
31.2159517,1.111085415,0.806778908,111.0319317,0.288371742,0.026809031,0.365453781,13.58085731,0.422698677,1252.383982,0.032000002,00012-frames_extraidos-11gb-gpu-gamma32-batch32-ada-target0.6-resumecustom
31.3156526,1.407198253,0.780163763,,,,,,,1256.383982,4.032000065,00012-frames_extraidos-11gb-gpu-gamma32-batch32-ada-target0.6-resumecustom
31.41535348,1.360564774,0.832390398,,,,,,,1260.383982,8.031999588,00012-frames_extraidos-11gb-gpu-gamma32-batch32-ada-target0.6-resumecustom
31.51505438,1.214574981,0.931593867,,,,,,,1264.383982,12.03199959,00012-frames_extraidos-11gb-gpu-gamma32-batch32-ada-target0.6-resumecustom
31.61475528,1.27195307,0.918265719,164.5792424,0.380535787,0.030936226,0.35230317,13.67991546,0.445738912,1268.383982,16.03199959,00012-frames_extraidos-11gb-gpu-gamma32-batch32-ada-target0.6-resumecustom
31.71445617,1.046515851,1.039114476,,,,,,,1272.383982,20.03199959,00012-frames_extraidos-11gb-gpu-gamma32-batch32-ada-target0.6-resumecustom
31.81415707,1.065178087,1.031450306,,,,,,,1276.383982,24.03199959,00012-frames_extraidos-11gb-gpu-gamma32-batch32-ada-target0.6-resumecustom
31.91385797,1.102640735,1.017304748,,,,,,,1280.383982,28.03199959,00012-frames_extraidos-11gb-gpu-gamma32-batch32-ada-target0.6-resumecustom
32.01355891,1.084848069,1.035451971,174.6335262,0.409143584,0.062451534,0.309237295,13.45913836,0.434625208,1284.383984,32.0320015,00012-frames_extraidos-11gb-gpu-gamma32-batch32-ada-target0.6-resumecustom
32.11325981,1.012827995,1.085949654,,,,,,,1288.383984,36.0320015,00012-frames_extraidos-11gb-gpu-gamma32-batch32-ada-target0.6-resumecustom
32.21296071,1.028839431,1.07246101,,,,,,,1292.383984,40.0320015,00012-frames_extraidos-11gb-gpu-gamma32-batch32-ada-target0.6-resumecustom
32.31266161,1.054832158,1.05311034,,,,,,,1296.383984,44.0320015,00012-frames_extraidos-11gb-gpu-gamma32-batch32-ada-target0.6-resumecustom
32.4123625,1.079403921,1.04676438,166.0610135,0.366388775,0.056491339,0.281841679,13.50639882,0.443466365,1300.383984,48.0320015,00012-frames_extraidos-11gb-gpu-gamma32-batch32-ada-target0.6-resumecustom
32.5120634,0.987119896,1.093436349,,,,,,,1304.383984,52.0320015,00012-frames_extraidos-11gb-gpu-gamma32-batch32-ada-target0.6-resumecustom
32.6117643,1.026697804,1.063832645,,,,,,,1308.383984,56.0320015,00012-frames_extraidos-11gb-gpu-gamma32-batch32-ada-target0.6-resumecustom
32.71146519,1.091364272,1.018897718,,,,,,,1312.383984,60.0320015,00012-frames_extraidos-11gb-gpu-gamma32-batch32-ada-target0.6-resumecustom
32.811166,1.01498112,1.071036999,152.5948321,0.342136609,0.041153747,0.26066956,13.65604215,0.440908372,1316.38398,64.03199768,00012-frames_extraidos-11gb-gpu-gamma32-batch32-ada-target0.6-resumecustom
32.91086689,1.073612949,1.029927513,,,,,,,1320.38398,68.03199768,00012-frames_extraidos-11gb-gpu-gamma32-batch32-ada-target0.6-resumecustom
33.01056779,1.093165983,1.01478636,,,,,,,1324.38398,72.03199768,00012-frames_extraidos-11gb-gpu-gamma32-batch32-ada-target0.6-resumecustom
33.11026869,1.042788291,1.037772078,,,,,,,1328.38398,76.03199768,00012-frames_extraidos-11gb-gpu-gamma32-batch32-ada-target0.6-resumecustom
33.20996959,1.067407766,1.026686724,143.605821,0.360695339,0.029028046,0.260948539,13.54476382,0.436381042,1332.38398,80.03199768,00012-frames_extraidos-11gb-gpu-gamma32-batch32-ada-target0.6-resumecustom
33.30967048,1.069589835,1.028410108,,,,,,,1336.38398,84.03199768,00012-frames_extraidos-11gb-gpu-gamma32-batch32-ada-target0.6-resumecustom
33.40937138,1.189226576,0.967300013,,,,,,,1340.38398,88.03199768,00012-frames_extraidos-11gb-gpu-gamma32-batch32-ada-target0.6-resumecustom
33.50907228,1.045875789,1.036447386,,,,,,,1344.38398,92.03199768,00012-frames_extraidos-11gb-gpu-gamma32-batch32-ada-target0.6-resumecustom
33.60877318,1.062323702,1.036043721,144.0914049,0.390029237,0.024678202,0.2858177,13.41388084,0.434722781,1348.38398,96.03199768,00012-frames_extraidos-11gb-gpu-gamma32-batch32-ada-target0.6-resumecustom
33.70847407,1.014979004,1.046601228,,,,,,,1352.38398,100.0319977,00012-frames_extraidos-11gb-gpu-gamma32-batch32-ada-target0.6-resumecustom
33.80817497,1.080752985,1.016878346,,,,,,,1356.38398,104.0319977,00012-frames_extraidos-11gb-gpu-gamma32-batch32-ada-target0.6-resumecustom
33.90787587,1.131663279,0.985809894,,,,,,,1360.38398,108.0319977,00012-frames_extraidos-11gb-gpu-gamma32-batch32-ada-target0.6-resumecustom
34.00757676,1.075309559,1.020587369,139.4927481,0.321790705,0.021064519,0.295929693,13.22802807,0.420696139,1364.38398,112.0319977,00012-frames_extraidos-11gb-gpu-gamma32-batch32-ada-target0.6-resumecustom
34.10727766,0.96978392,1.083341272,,,,,,,1368.38398,116.0319977,00012-frames_extraidos-11gb-gpu-gamma32-batch32-ada-target0.6-resumecustom
34.20697856,1.07223367,1.021346689,,,,,,,1372.38398,120.0319977,00012-frames_extraidos-11gb-gpu-gamma32-batch32-ada-target0.6-resumecustom
34.30667946,1.063533259,1.033956757,,,,,,,1376.38398,124.0319977,00012-frames_extraidos-11gb-gpu-gamma32-batch32-ada-target0.6-resumecustom
34.40638035,1.06179969,1.029464172,143.7743695,0.338963566,0.03210863,0.25533146,12.79220955,0.418764174,1380.38398,128.0319977,00012-frames_extraidos-11gb-gpu-gamma32-batch32-ada-target0.6-resumecustom
34.50608125,1.066329197,1.026310806,,,,,,,1384.38398,132.0319977,00012-frames_extraidos-11gb-gpu-gamma32-batch32-ada-target0.6-resumecustom
34.60578215,1.119394968,1.000063464,,,,,,,1388.38398,136.0319977,00012-frames_extraidos-11gb-gpu-gamma32-batch32-ada-target0.6-resumecustom
34.70548305,1.041743309,1.052021092,,,,,,,1392.38398,140.0319977,00012-frames_extraidos-11gb-gpu-gamma32-batch32-ada-target0.6-resumecustom
34.70628065,0.878262281,0.871782303,149.9494513,0.282394749,0.022383103,0.208546322,12.72187854,0.418097615,1392.41598,0.032000002,00013-frames_extraidos-11gb-gpu-gamma32-batch32-ada-target0.6-resumecustom
34.80598155,1.619020422,0.687972516,,,,,,,1396.41598,4.032000065,00013-frames_extraidos-11gb-gpu-gamma32-batch32-ada-target0.6-resumecustom
34.90568244,1.350408271,0.830401012,,,,,,,1400.415979,8.031999588,00013-frames_extraidos-11gb-gpu-gamma32-batch32-ada-target0.6-resumecustom
35.00538333,1.237830573,0.893340848,,,,,,,1404.415979,12.03199959,00013-frames_extraidos-11gb-gpu-gamma32-batch32-ada-target0.6-resumecustom
35.10508423,1.116226247,0.977011206,132.606758,0.322771727,0.028657338,0.248487331,13.45959989,0.407673448,1408.415979,16.03199959,00013-frames_extraidos-11gb-gpu-gamma32-batch32-ada-target0.6-resumecustom
35.20478513,1.137096167,0.961750984,,,,,,,1412.415979,20.03199959,00013-frames_extraidos-11gb-gpu-gamma32-batch32-ada-target0.6-resumecustom
35.30448603,1.091682093,0.997103064,,,,,,,1416.415979,24.03199959,00013-frames_extraidos-11gb-gpu-gamma32-batch32-ada-target0.6-resumecustom
35.40418692,1.118585219,0.980100661,,,,,,,1420.415979,28.03199959,00013-frames_extraidos-11gb-gpu-gamma32-batch32-ada-target0.6-resumecustom
35.50388787,1.077612516,1.018395506,128.9217076,0.295987087,0.034582521,0.310431709,13.47555018,0.41553998,1424.415981,32.0320015,00013-frames_extraidos-11gb-gpu-gamma32-batch32-ada-target0.6-resumecustom
35.60358877,1.047412498,1.044339694,,,,,,,1428.415981,36.0320015,00013-frames_extraidos-11gb-gpu-gamma32-batch32-ada-target0.6-resumecustom
35.70328966,1.08441517,1.028428277,,,,,,,1432.415981,40.0320015,00013-frames_extraidos-11gb-gpu-gamma32-batch32-ada-target0.6-resumecustom
35.80299056,1.086671918,0.993001709,,,,,,,1436.415981,44.0320015,00013-frames_extraidos-11gb-gpu-gamma32-batch32-ada-target0.6-resumecustom
35.90269146,1.086739853,1.004753497,125.6828841,0.276512311,0.022603971,0.233788914,13.52661825,0.424534857,1440.415981,48.0320015,00013-frames_extraidos-11gb-gpu-gamma32-batch32-ada-target0.6-resumecustom
36.00239236,1.010890403,1.052512302,,,,,,,1444.415981,52.0320015,00013-frames_extraidos-11gb-gpu-gamma32-batch32-ada-target0.6-resumecustom
36.10209325,1.047685091,1.028474395,,,,,,,1448.415981,56.0320015,00013-frames_extraidos-11gb-gpu-gamma32-batch32-ada-target0.6-resumecustom
36.20179415,1.005682159,1.056158589,,,,,,,1452.415981,60.0320015,00013-frames_extraidos-11gb-gpu-gamma32-batch32-ada-target0.6-resumecustom
36.30149495,1.028454377,1.052075096,108.6551403,0.380935477,0.021267138,0.166153001,12.9646646,0.429054886,1456.415977,64.03199768,00013-frames_extraidos-11gb-gpu-gamma32-batch32-ada-target0.6-resumecustom
36.40119585,1.082128429,1.012537338,,,,,,,1460.415977,68.03199768,00013-frames_extraidos-11gb-gpu-gamma32-batch32-ada-target0.6-resumecustom
36.50089675,1.011270895,1.066623931,,,,,,,1464.415977,72.03199768,00013-frames_extraidos-11gb-gpu-gamma32-batch32-ada-target0.6-resumecustom
36.60059764,0.949900047,1.105677492,,,,,,,1468.415977,76.03199768,00013-frames_extraidos-11gb-gpu-gamma32-batch32-ada-target0.6-resumecustom
36.70029854,0.986525301,1.073495408,111.8608624,0.268404062,0.02502243,0.275136039,13.07481966,0.41394186,1472.415977,80.03199768,00013-frames_extraidos-11gb-gpu-gamma32-batch32-ada-target0.6-resumecustom
36.79999944,1.027394601,1.034983688,,,,,,,1476.415977,84.03199768,00013-frames_extraidos-11gb-gpu-gamma32-batch32-ada-target0.6-resumecustom
36.89970034,1.053600966,1.024599701,,,,,,,1480.415977,88.03199768,00013-frames_extraidos-11gb-gpu-gamma32-batch32-ada-target0.6-resumecustom
36.99940123,1.001923066,1.054703052,,,,,,,1484.415977,92.03199768,00013-frames_extraidos-11gb-gpu-gamma32-batch32-ada-target0.6-resumecustom
37.09910213,1.049074096,1.03745018,102.7854738,0.179327239,0.027611192,0.355740393,12.97449009,0.412422299,1488.415977,96.03199768,00013-frames_extraidos-11gb-gpu-gamma32-batch32-ada-target0.6-resumecustom
37.19880303,0.948126423,1.098077524,,,,,,,1492.415977,100.0319977,00013-frames_extraidos-11gb-gpu-gamma32-batch32-ada-target0.6-resumecustom
37.29850393,1.05204589,1.02803498,,,,,,,1496.415977,104.0319977,00013-frames_extraidos-11gb-gpu-gamma32-batch32-ada-target0.6-resumecustom
37.39820482,0.98701482,1.076678466,,,,,,,1500.415977,108.0319977,00013-frames_extraidos-11gb-gpu-gamma32-batch32-ada-target0.6-resumecustom
37.49790572,1.16151067,0.965399301,111.2501681,0.150423243,0.034004335,0.373042514,13.0849836,0.407473207,1504.415977,112.0319977,00013-frames_extraidos-11gb-gpu-gamma32-batch32-ada-target0.6-resumecustom
37.59760662,0.935102126,1.096391626,,,,,,,1508.415977,116.0319977,00013-frames_extraidos-11gb-gpu-gamma32-batch32-ada-target0.6-resumecustom
37.69730751,0.976124903,1.071948481,,,,,,,1512.415977,120.0319977,00013-frames_extraidos-11gb-gpu-gamma32-batch32-ada-target0.6-resumecustom
37.79700841,0.982548218,1.067797769,,,,,,,1516.415977,124.0319977,00013-frames_extraidos-11gb-gpu-gamma32-batch32-ada-target0.6-resumecustom
37.89670931,0.981096657,1.062047453,122.8790008,0.188083814,0.025894238,0.350412473,13.27540768,0.40196541,1520.415977,128.0319977,00013-frames_extraidos-11gb-gpu-gamma32-batch32-ada-target0.6-resumecustom
37.99641021,1.013347973,1.043439066,,,,,,,1524.415977,132.0319977,00013-frames_extraidos-11gb-gpu-gamma32-batch32-ada-target0.6-resumecustom
38.0961111,1.016706172,1.039107416,,,,,,,1528.415977,136.0319977,00013-frames_extraidos-11gb-gpu-gamma32-batch32-ada-target0.6-resumecustom
38.09690871,0.819311082,1.135793209,123.3690137,0.187100243,0.025896875,0.350439074,13.2778485,0.401961446,1528.447977,0.032000002,00014-frames_extraidos-11gb-gpu-gamma32-batch32-ada-target0.6-resumecustom
38.19660961,1.16861161,0.927361387,,,,,,,1532.447978,4.032000065,00014-frames_extraidos-11gb-gpu-gamma32-batch32-ada-target0.6-resumecustom
38.2963105,1.13357289,0.937271625,,,,,,,1536.447977,8.031999588,00014-frames_extraidos-11gb-gpu-gamma32-batch32-ada-target0.6-resumecustom
38.39601139,1.093846092,0.984329808,,,,,,,1540.447977,12.03199959,00014-frames_extraidos-11gb-gpu-gamma32-batch32-ada-target0.6-resumecustom
38.49571229,1.099591986,0.975039192,116.6363217,0.142896836,0.02995178,0.356553123,13.33959386,0.400298536,1544.447977,16.03199959,00014-frames_extraidos-11gb-gpu-gamma32-batch32-ada-target0.6-resumecustom
38.59541319,1.101894329,0.973824677,,,,,,,1548.447977,20.03199959,00014-frames_extraidos-11gb-gpu-gamma32-batch32-ada-target0.6-resumecustom
38.69511408,0.947904675,1.090281166,,,,,,,1552.447977,24.03199959,00014-frames_extraidos-11gb-gpu-gamma32-batch32-ada-target0.6-resumecustom
38.79481498,0.961690995,1.071519963,,,,,,,1556.447977,28.03199959,00014-frames_extraidos-11gb-gpu-gamma32-batch32-ada-target0.6-resumecustom
38.89451593,0.946706995,1.102666298,115.1952324,0.160228422,0.029391788,0.363898133,12.99383002,0.40398702,1560.447979,32.0320015,00014-frames_extraidos-11gb-gpu-gamma32-batch32-ada-target0.6-resumecustom
38.99421682,0.903046624,1.146045372,,,,,,,1564.447979,36.0320015,00014-frames_extraidos-11gb-gpu-gamma32-batch32-ada-target0.6-resumecustom
39.09391772,1.00415124,1.055406486,,,,,,,1568.447979,40.0320015,00014-frames_extraidos-11gb-gpu-gamma32-batch32-ada-target0.6-resumecustom
39.19361862,1.047013321,1.040696436,,,,,,,1572.447979,44.0320015,00014-frames_extraidos-11gb-gpu-gamma32-batch32-ada-target0.6-resumecustom
39.29331952,0.91264181,1.119766625,149.8267626,0.175792268,0.030528792,0.360946698,12.86361745,0.403902113,1576.447979,48.0320015,00014-frames_extraidos-11gb-gpu-gamma32-batch32-ada-target0.6-resumecustom
39.39302041,0.930595072,1.109467432,,,,,,,1580.447979,52.0320015,00014-frames_extraidos-11gb-gpu-gamma32-batch32-ada-target0.6-resumecustom
39.49272131,0.888347833,1.155667411,,,,,,,1584.447979,56.0320015,00014-frames_extraidos-11gb-gpu-gamma32-batch32-ada-target0.6-resumecustom
39.59242221,0.951214421,1.082587591,,,,,,,1588.447979,60.0320015,00014-frames_extraidos-11gb-gpu-gamma32-batch32-ada-target0.6-resumecustom
39.69212301,0.956351645,1.088478057,140.2165181,0.147753897,0.027631713,0.365681552,12.83037705,0.40316999,1592.447975,64.03199768,00014-frames_extraidos-11gb-gpu-gamma32-batch32-ada-target0.6-resumecustom
39.79182391,0.953879423,1.08645302,,,,,,,1596.447975,68.03199768,00014-frames_extraidos-11gb-gpu-gamma32-batch32-ada-target0.6-resumecustom
39.8915248,0.962696075,1.09092797,,,,,,,1600.447975,72.03199768,00014-frames_extraidos-11gb-gpu-gamma32-batch32-ada-target0.6-resumecustom
39.9912257,0.909438215,1.113498709,,,,,,,1604.447975,76.03199768,00014-frames_extraidos-11gb-gpu-gamma32-batch32-ada-target0.6-resumecustom
40.0909266,0.983729872,1.063487782,137.8335318,0.150250001,0.029573964,0.353789676,12.87476317,0.39825207,1608.447975,80.03199768,00014-frames_extraidos-11gb-gpu-gamma32-batch32-ada-target0.6-resumecustom
40.1906275,0.917937332,1.126754879,,,,,,,1612.447975,84.03199768,00014-frames_extraidos-11gb-gpu-gamma32-batch32-ada-target0.6-resumecustom
40.29032839,1.012207788,1.044951335,,,,,,,1616.447975,88.03199768,00014-frames_extraidos-11gb-gpu-gamma32-batch32-ada-target0.6-resumecustom
40.39002929,0.947723553,1.092834122,,,,,,,1620.447975,92.03199768,00014-frames_extraidos-11gb-gpu-gamma32-batch32-ada-target0.6-resumecustom
40.48973019,0.897652423,1.133358094,113.9568244,0.156102347,0.028424987,0.359210099,12.90418709,0.401196808,1624.447975,96.03199768,00014-frames_extraidos-11gb-gpu-gamma32-batch32-ada-target0.6-resumecustom
40.58943109,0.906763904,1.119298822,,,,,,,1628.447975,100.0319977,00014-frames_extraidos-11gb-gpu-gamma32-batch32-ada-target0.6-resumecustom
40.68913198,0.908091511,1.125539978,,,,,,,1632.447975,104.0319977,00014-frames_extraidos-11gb-gpu-gamma32-batch32-ada-target0.6-resumecustom
40.78883288,0.952151227,1.095544631,,,,,,,1636.447975,108.0319977,00014-frames_extraidos-11gb-gpu-gamma32-batch32-ada-target0.6-resumecustom
40.88853378,0.947768064,1.090392473,102.1644913,0.075071842,0.027550348,0.370538337,12.93667418,0.399274886,1640.447975,112.0319977,00014-frames_extraidos-11gb-gpu-gamma32-batch32-ada-target0.6-resumecustom
40.98823467,0.877319128,1.152763308,,,,,,,1644.447975,116.0319977,00014-frames_extraidos-11gb-gpu-gamma32-batch32-ada-target0.6-resumecustom
41.08793557,0.924516428,1.11303177,,,,,,,1648.447975,120.0319977,00014-frames_extraidos-11gb-gpu-gamma32-batch32-ada-target0.6-resumecustom
41.18763647,0.988304801,1.059808047,,,,,,,1652.447975,124.0319977,00014-frames_extraidos-11gb-gpu-gamma32-batch32-ada-target0.6-resumecustom
41.28733737,0.957617064,1.078221068,109.2763209,0.073526096,0.036936835,0.367315733,12.89951279,0.395979196,1656.447975,128.0319977,00014-frames_extraidos-11gb-gpu-gamma32-batch32-ada-target0.6-resumecustom
41.38703826,0.918443519,1.106277492,,,,,,,1660.447975,132.0319977,00014-frames_extraidos-11gb-gpu-gamma32-batch32-ada-target0.6-resumecustom
41.48673916,1.012695461,1.049688298,,,,,,,1664.447975,136.0319977,00014-frames_extraidos-11gb-gpu-gamma32-batch32-ada-target0.6-resumecustom
41.48753677,1.042349339,1.106611609,109.2783265,0.073195689,0.035382501,0.367253999,12.89882624,0.396003753,1664.479975,0.032000002,00015-frames_extraidos-11gb-gpu-gamma32-batch32-ada-target0.6-resumecustom
41.58723767,1.200101635,0.899938612,,,,,,,1668.479975,4.032000065,00015-frames_extraidos-11gb-gpu-gamma32-batch32-ada-target0.6-resumecustom
41.68693855,0.979994769,1.053275929,,,,,,,1672.479975,8.031999588,00015-frames_extraidos-11gb-gpu-gamma32-batch32-ada-target0.6-resumecustom
41.78663945,0.930236783,1.110552687,,,,,,,1676.479975,12.03199959,00015-frames_extraidos-11gb-gpu-gamma32-batch32-ada-target0.6-resumecustom
41.88634035,0.980399991,1.05624871,118.211613,0.116306067,0.034219799,0.371294016,13.03261851,0.393964648,1680.479975,16.03199959,00015-frames_extraidos-11gb-gpu-gamma32-batch32-ada-target0.6-resumecustom
41.98604124,0.903625561,1.122764607,,,,,,,1684.479975,20.03199959,00015-frames_extraidos-11gb-gpu-gamma32-batch32-ada-target0.6-resumecustom
42.08574214,0.910683881,1.123958758,,,,,,,1688.479975,24.03199959,00015-frames_extraidos-11gb-gpu-gamma32-batch32-ada-target0.6-resumecustom
42.18544304,0.904142519,1.122931165,,,,,,,1692.479975,28.03199959,00015-frames_extraidos-11gb-gpu-gamma32-batch32-ada-target0.6-resumecustom
42.28514398,0.922884857,1.115479828,113.9934537,0.122931568,0.0275028,0.373432297,13.03821946,0.393549293,1696.479977,32.0320015,00015-frames_extraidos-11gb-gpu-gamma32-batch32-ada-target0.6-resumecustom
42.38484488,0.9240016,1.110847334,,,,,,,1700.479977,36.0320015,00015-frames_extraidos-11gb-gpu-gamma32-batch32-ada-target0.6-resumecustom
42.48454578,0.91483335,1.113838991,,,,,,,1704.479977,40.0320015,00015-frames_extraidos-11gb-gpu-gamma32-batch32-ada-target0.6-resumecustom
42.58424668,0.939052191,1.102043218,,,,,,,1708.479977,44.0320015,00015-frames_extraidos-11gb-gpu-gamma32-batch32-ada-target0.6-resumecustom
42.68394757,0.873187274,1.15805091,116.5390894,0.096165777,0.026801327,0.365059175,12.94243692,0.397526622,1712.479977,48.0320015,00015-frames_extraidos-11gb-gpu-gamma32-batch32-ada-target0.6-resumecustom
42.78364847,0.879556381,1.154940516,,,,,,,1716.479977,52.0320015,00015-frames_extraidos-11gb-gpu-gamma32-batch32-ada-target0.6-resumecustom
42.88334937,0.883971613,1.1485582,,,,,,,1720.479977,56.0320015,00015-frames_extraidos-11gb-gpu-gamma32-batch32-ada-target0.6-resumecustom
42.98305027,0.911216142,1.133057126,,,,,,,1724.479977,60.0320015,00015-frames_extraidos-11gb-gpu-gamma32-batch32-ada-target0.6-resumecustom
43.08275107,0.884353251,1.148340564,109.3707166,0.113888921,0.037107933,0.360899623,12.96134714,0.399666339,1728.479973,64.03199768,00015-frames_extraidos-11gb-gpu-gamma32-batch32-ada-target0.6-resumecustom
43.18245197,0.875593406,1.157007829,,,,,,,1732.479973,68.03199768,00015-frames_extraidos-11gb-gpu-gamma32-batch32-ada-target0.6-resumecustom
43.28215286,0.95040611,1.115340123,,,,,,,1736.479973,72.03199768,00015-frames_extraidos-11gb-gpu-gamma32-batch32-ada-target0.6-resumecustom
43.38185376,0.842086311,1.185614915,,,,,,,1740.479973,76.03199768,00015-frames_extraidos-11gb-gpu-gamma32-batch32-ada-target0.6-resumecustom
43.48155466,0.957870539,1.097095391,107.6778477,0.090697925,0.023526573,0.364243441,12.91426761,0.403775632,1744.479973,80.03199768,00015-frames_extraidos-11gb-gpu-gamma32-batch32-ada-target0.6-resumecustom
43.58125555,0.880016819,1.15784773,,,,,,,1748.479973,84.03199768,00015-frames_extraidos-11gb-gpu-gamma32-batch32-ada-target0.6-resumecustom
43.68095645,0.912865523,1.117115886,,,,,,,1752.479973,88.03199768,00015-frames_extraidos-11gb-gpu-gamma32-batch32-ada-target0.6-resumecustom
43.78065735,0.917734044,1.120129883,,,,,,,1756.479973,92.03199768,00015-frames_extraidos-11gb-gpu-gamma32-batch32-ada-target0.6-resumecustom
43.88035825,0.826023603,1.207363931,96.52689457,0.059140763,0.02473106,0.366434493,12.86089826,0.401690513,1760.479973,96.03199768,00015-frames_extraidos-11gb-gpu-gamma32-batch32-ada-target0.6-resumecustom
43.98005914,0.834840537,1.203923636,,,,,,,1764.479973,100.0319977,00015-frames_extraidos-11gb-gpu-gamma32-batch32-ada-target0.6-resumecustom
43.98085675,0.860472679,1.142285943,75.03526654,0.042918706,0.023260946,0.374915473,12.80481348,0.397603333,1764.511973,0.032000002,00017-frames_extraidos-11gb-gpu-gamma32-batch32-ada-target0.6-resumecustom
44.08055765,0.96916397,1.06451325,,,,,,,1768.511973,4.032000065,00017-frames_extraidos-11gb-gpu-gamma32-batch32-ada-target0.6-resumecustom
44.18025854,0.895259812,1.125103151,,,,,,,1772.511972,8.031999588,00017-frames_extraidos-11gb-gpu-gamma32-batch32-ada-target0.6-resumecustom
44.27995943,0.926171561,1.121880654,,,,,,,1776.511972,12.03199959,00017-frames_extraidos-11gb-gpu-gamma32-batch32-ada-target0.6-resumecustom
44.37966033,0.912940197,1.127365864,78.59779131,0.072165774,0.033471713,0.376044488,12.83529941,0.39662677,1780.511972,16.03199959,00017-frames_extraidos-11gb-gpu-gamma32-batch32-ada-target0.6-resumecustom
44.47936123,0.900267607,1.141280435,,,,,,,1784.511972,20.03199959,00017-frames_extraidos-11gb-gpu-gamma32-batch32-ada-target0.6-resumecustom
44.57906212,0.855351526,1.167308161,,,,,,,1788.511972,24.03199959,00017-frames_extraidos-11gb-gpu-gamma32-batch32-ada-target0.6-resumecustom
44.67876302,0.862401492,1.174281054,,,,,,,1792.511972,28.03199959,00017-frames_extraidos-11gb-gpu-gamma32-batch32-ada-target0.6-resumecustom
44.77846397,0.89277785,1.146589459,78.14868523,0.077369034,0.037487938,0.377682266,12.9342526,0.39313221,1796.511974,32.0320015,00017-frames_extraidos-11gb-gpu-gamma32-batch32-ada-target0.6-resumecustom
44.87816486,0.833180654,1.202351048,,,,,,,1800.511974,36.0320015,00017-frames_extraidos-11gb-gpu-gamma32-batch32-ada-target0.6-resumecustom
44.97786576,0.907536011,1.131320233,,,,,,,1804.511974,40.0320015,00017-frames_extraidos-11gb-gpu-gamma32-batch32-ada-target0.6-resumecustom
45.07756666,0.906116703,1.134181371,,,,,,,1808.511974,44.0320015,00017-frames_extraidos-11gb-gpu-gamma32-batch32-ada-target0.6-resumecustom
45.17726756,0.837335027,1.192314238,81.64228778,0.08101298,0.029899912,0.372481935,12.83658604,0.393643469,1812.511974,48.0320015,00017-frames_extraidos-11gb-gpu-gamma32-batch32-ada-target0.6-resumecustom
45.27696845,0.863883955,1.171760296,,,,,,,1816.511974,52.0320015,00017-frames_extraidos-11gb-gpu-gamma32-batch32-ada-target0.6-resumecustom
45.37666935,0.818834685,1.214107595,,,,,,,1820.511974,56.0320015,00017-frames_extraidos-11gb-gpu-gamma32-batch32-ada-target0.6-resumecustom
45.47637025,0.884366599,1.164496792,,,,,,,1824.511974,60.0320015,00017-frames_extraidos-11gb-gpu-gamma32-batch32-ada-target0.6-resumecustom
45.57607105,0.845447812,1.187157928,79.23638001,0.065224841,0.029439374,0.376190501,12.75341153,0.39746809,1828.511971,64.03199768,00017-frames_extraidos-11gb-gpu-gamma32-batch32-ada-target0.6-resumecustom
45.67577195,0.877992686,1.157162673,,,,,,,1832.511971,68.03199768,00017-frames_extraidos-11gb-gpu-gamma32-batch32-ada-target0.6-resumecustom
45.77547284,1.023255305,1.063044696,,,,,,,1836.511971,72.03199768,00017-frames_extraidos-11gb-gpu-gamma32-batch32-ada-target0.6-resumecustom
45.87517374,0.825323566,1.203914667,,,,,,,1840.511971,76.03199768,00017-frames_extraidos-11gb-gpu-gamma32-batch32-ada-target0.6-resumecustom
45.97487464,0.833596707,1.201469597,98.37866379,0.072741499,0.023548405,0.372468662,12.73754437,0.398466676,1844.511971,80.03199768,00017-frames_extraidos-11gb-gpu-gamma32-batch32-ada-target0.6-resumecustom
46.07457554,0.901414101,1.138337681,,,,,,,1848.511971,84.03199768,00017-frames_extraidos-11gb-gpu-gamma32-batch32-ada-target0.6-resumecustom
46.17427643,0.873410872,1.1574455,,,,,,,1852.511971,88.03199768,00017-frames_extraidos-11gb-gpu-gamma32-batch32-ada-target0.6-resumecustom
46.27397733,0.882173763,1.152044123,,,,,,,1856.511971,92.03199768,00017-frames_extraidos-11gb-gpu-gamma32-batch32-ada-target0.6-resumecustom
46.37367823,0.857985404,1.170873355,94.18008974,0.091089944,0.020397917,0.370244753,12.68071189,0.398860276,1860.511971,96.03199768,00017-frames_extraidos-11gb-gpu-gamma32-batch32-ada-target0.6-resumecustom
46.47337913,0.925237283,1.11013341,,,,,,,1864.511971,100.0319977,00017-frames_extraidos-11gb-gpu-gamma32-batch32-ada-target0.6-resumecustom
46.57308002,0.8858083,1.149551383,,,,,,,1868.511971,104.0319977,00017-frames_extraidos-11gb-gpu-gamma32-batch32-ada-target0.6-resumecustom
46.67278092,0.928822614,1.11305483,,,,,,,1872.511971,108.0319977,00017-frames_extraidos-11gb-gpu-gamma32-batch32-ada-target0.6-resumecustom
46.77248182,0.840680884,1.183452293,89.9848928,0.094009148,0.026022795,0.369638557,12.74407913,0.399868548,1876.511971,112.0319977,00017-frames_extraidos-11gb-gpu-gamma32-batch32-ada-target0.6-resumecustom
46.87218271,0.855621142,1.178257174,,,,,,,1880.511971,116.0319977,00017-frames_extraidos-11gb-gpu-gamma32-batch32-ada-target0.6-resumecustom
46.97188361,0.961160969,1.094388723,,,,,,,1884.511971,120.0319977,00017-frames_extraidos-11gb-gpu-gamma32-batch32-ada-target0.6-resumecustom
47.07158451,0.86874073,1.159014035,,,,,,,1888.511971,124.0319977,00017-frames_extraidos-11gb-gpu-gamma32-batch32-ada-target0.6-resumecustom
47.17128541,0.856379869,1.170471963,83.92041848,0.074509448,0.031153835,0.373569607,12.81386327,0.397463202,1892.511971,128.0319977,00017-frames_extraidos-11gb-gpu-gamma32-batch32-ada-target0.6-resumecustom
47.2709863,0.8878353,1.1422674,,,,,,,1896.511971,132.0319977,00017-frames_extraidos-11gb-gpu-gamma32-batch32-ada-target0.6-resumecustom
47.3706872,0.914367389,1.122251859,,,,,,,1900.511971,136.0319977,00017-frames_extraidos-11gb-gpu-gamma32-batch32-ada-target0.6-resumecustom
47.4703881,0.861733217,1.180437003,,,,,,,1904.511971,140.0319977,00017-frames_extraidos-11gb-gpu-gamma32-batch32-ada-target0.6-resumecustom
47.570089,0.866010489,1.168613248,85.08918869,0.070199512,0.031318392,0.375550044,13.14294946,0.401523232,1908.511971,144.0319977,00017-frames_extraidos-11gb-gpu-gamma32-batch32-ada-target0.6-resumecustom
47.66978989,0.882634185,1.140026006,,,,,,,1912.511971,148.0319977,00017-frames_extraidos-11gb-gpu-gamma32-batch32-ada-target0.6-resumecustom
47.76949079,0.879358635,1.159120841,,,,,,,1916.511971,152.0319977,00017-frames_extraidos-11gb-gpu-gamma32-batch32-ada-target0.6-resumecustom
47.7702884,0.843655586,1.040702462,85.0336393,0.069818876,0.03120826,0.375536711,13.14543872,0.401581317,1916.543971,0.032000002,00018-frames_extraidos-11gb-gpu-gamma32-batch32-ada-target0.6-resumecustom
47.8699893,1.150382992,0.947386647,,,,,,,1920.543971,4.032000065,00018-frames_extraidos-11gb-gpu-gamma32-batch32-ada-target0.6-resumecustom
47.96969018,1.08697224,0.938303759,,,,,,,1924.54397,8.031999588,00018-frames_extraidos-11gb-gpu-gamma32-batch32-ada-target0.6-resumecustom
48.06939108,0.917614862,1.100166034,,,,,,,1928.54397,12.03199959,00018-frames_extraidos-11gb-gpu-gamma32-batch32-ada-target0.6-resumecustom
48.16909198,0.966410941,1.061883215,99.27901385,0.07629454,0.02313944,0.368851215,12.95259569,0.391731024,1932.54397,16.03199959,00018-frames_extraidos-11gb-gpu-gamma32-batch32-ada-target0.6-resumecustom
48.26879287,0.848950639,1.174048013,,,,,,,1936.54397,20.03199959,00018-frames_extraidos-11gb-gpu-gamma32-batch32-ada-target0.6-resumecustom
48.36849377,0.868989895,1.152966669,,,,,,,1940.54397,24.03199959,00018-frames_extraidos-11gb-gpu-gamma32-batch32-ada-target0.6-resumecustom
48.46819467,0.895426813,1.145204789,,,,,,,1944.54397,28.03199959,00018-frames_extraidos-11gb-gpu-gamma32-batch32-ada-target0.6-resumecustom
48.56789561,0.885411099,1.165691034,93.96223342,0.059962298,0.023905916,0.378808606,12.89075415,0.389239013,1948.543972,32.0320015,00018-frames_extraidos-11gb-gpu-gamma32-batch32-ada-target0.6-resumecustom
48.66759651,0.881658551,1.155454814,,,,,,,1952.543972,36.0320015,00018-frames_extraidos-11gb-gpu-gamma32-batch32-ada-target0.6-resumecustom
48.76729741,0.861600052,1.17186924,,,,,,,1956.543972,40.0320015,00018-frames_extraidos-11gb-gpu-gamma32-batch32-ada-target0.6-resumecustom
48.86699831,0.888597401,1.143485507,,,,,,,1960.543972,44.0320015,00018-frames_extraidos-11gb-gpu-gamma32-batch32-ada-target0.6-resumecustom
48.9666992,0.880773576,1.162670849,85.16465417,0.058562137,0.024535339,0.37839094,12.8954311,0.391876727,1964.543972,48.0320015,00018-frames_extraidos-11gb-gpu-gamma32-batch32-ada-target0.6-resumecustom
49.0664001,0.844090044,1.181780146,,,,,,,1968.543972,52.0320015,00018-frames_extraidos-11gb-gpu-gamma32-batch32-ada-target0.6-resumecustom
49.166101,0.894009062,1.157294505,,,,,,,1972.543972,56.0320015,00018-frames_extraidos-11gb-gpu-gamma32-batch32-ada-target0.6-resumecustom
49.26580189,0.860004158,1.171109244,,,,,,,1976.543972,60.0320015,00018-frames_extraidos-11gb-gpu-gamma32-batch32-ada-target0.6-resumecustom
49.3655027,0.853873188,1.175282228,79.04836161,0.069332918,0.032426983,0.37721005,12.83072754,0.395638764,1980.543968,64.03199768,00018-frames_extraidos-11gb-gpu-gamma32-batch32-ada-target0.6-resumecustom
49.46520359,0.923360649,1.117921112,,,,,,,1984.543968,68.03199768,00018-frames_extraidos-11gb-gpu-gamma32-batch32-ada-target0.6-resumecustom
49.56490449,0.965459393,1.085518062,,,,,,,1988.543968,72.03199768,00018-frames_extraidos-11gb-gpu-gamma32-batch32-ada-target0.6-resumecustom
49.66460539,0.863778983,1.157608658,,,,,,,1992.543968,76.03199768,00018-frames_extraidos-11gb-gpu-gamma32-batch32-ada-target0.6-resumecustom
49.76430629,0.962369977,1.087807913,80.54427313,0.105029464,0.031999476,0.376652946,12.77158307,0.399233699,1996.543968,80.03199768,00018-frames_extraidos-11gb-gpu-gamma32-batch32-ada-target0.6-resumecustom
49.86400718,0.854324878,1.171103313,,,,,,,2000.543968,84.03199768,00018-frames_extraidos-11gb-gpu-gamma32-batch32-ada-target0.6-resumecustom
49.96370808,0.926892515,1.125883861,,,,,,,2004.543968,88.03199768,00018-frames_extraidos-11gb-gpu-gamma32-batch32-ada-target0.6-resumecustom
50.06340898,0.914178779,1.117195925,,,,,,,2008.543968,92.03199768,00018-frames_extraidos-11gb-gpu-gamma32-batch32-ada-target0.6-resumecustom
50.16310988,0.891763166,1.142539444,75.13512306,0.106083955,0.030223931,0.378811105,12.76594203,0.40062809,2012.543968,96.03199768,00018-frames_extraidos-11gb-gpu-gamma32-batch32-ada-target0.6-resumecustom
50.26281077,0.869049377,1.163495131,,,,,,,2016.543968,100.0319977,00018-frames_extraidos-11gb-gpu-gamma32-batch32-ada-target0.6-resumecustom
50.36251167,0.909304258,1.126220002,,,,,,,2020.543968,104.0319977,00018-frames_extraidos-11gb-gpu-gamma32-batch32-ada-target0.6-resumecustom
50.46221257,0.930616993,1.10726569,,,,,,,2024.543968,108.0319977,00018-frames_extraidos-11gb-gpu-gamma32-batch32-ada-target0.6-resumecustom
50.56191346,0.886756295,1.1494118,79.02960966,0.073511497,0.025766828,0.381338627,12.79324284,0.400991946,2028.543968,112.0319977,00018-frames_extraidos-11gb-gpu-gamma32-batch32-ada-target0.6-resumecustom
50.66161436,0.88546575,1.147861223,,,,,,,2032.543968,116.0319977,00018-frames_extraidos-11gb-gpu-gamma32-batch32-ada-target0.6-resumecustom
50.76131526,0.950836527,1.093871546,,,,,,,2036.543968,120.0319977,00018-frames_extraidos-11gb-gpu-gamma32-batch32-ada-target0.6-resumecustom
50.86101616,0.890458974,1.131234094,,,,,,,2040.543968,124.0319977,00018-frames_extraidos-11gb-gpu-gamma32-batch32-ada-target0.6-resumecustom
,,,17.52227567,0.010414679,0.017756309,0.109104116,5.895225164,0.389239013,,,
,,,224,302,107,2,2,505,,,
,,,856.2879887,1160.351986,408.1279926,0.032000002,0.032000002,1948.543972,,,
,,,279.637096,0.944540442,0.167118422,0.382247762,14.30482207,0.794486582,,,
,,,2,6,6,302,10,2,,,
,,,0.032000002,16.03199959,16.03199959,1160.351986,32.0320015,0.032000002,,,
,,,68.50977498,0.104680572,0.028471951,0.350838171,12.8647373,0.406124245,,,
