epoch,loss_G,loss_D,FID,KID,JSD,SSIM,PSNR,LPIPS
1,0.682317853,-1.459439158,,,,,,
2,0.610219479,-1.408518672,,,,,,
3,0.613679826,-1.411435127,,,,,,
4,0.57043004,-1.31886363,,,,,,
5,0.604727805,-1.281479597,235.855272,0.212502524,0.549016771,0.160411762,12.74534518,0.501077652
6,0.588360548,-1.251633167,,,,,,
7,0.560583711,-1.179973125,,,,,,
8,0.597487688,-1.2816782,,,,,,
9,0.622934818,-1.310831666,,,,,,
10,0.615787506,-1.302881122,138.521226,0.087041862,0.499308319,0.348923636,13.44627955,0.346878469
11,0.553607345,-1.220718622,,,,,,
12,0.6536901,-1.367785692,,,,,,
13,0.622732878,-1.344035745,,,,,,
14,0.477587879,-1.116312027,,,,,,
15,0.642945647,-1.341381311,148.2813096,0.095098309,0.510211074,0.318879044,13.03830101,0.365595758
16,0.630669057,-1.326726198,,,,,,
17,0.604382634,-1.299679756,,,,,,
18,0.491642654,-1.007489443,,,,,,
19,0.600876212,-1.266758919,,,,,,
20,0.591792107,-1.245257616,129.4156631,0.093912348,0.511827794,0.298684404,12.93457508,0.387705803
21,0.616848826,-1.392544866,,,,,,
22,0.50402081,-1.161845922,,,,,,
23,0.61337316,-1.254925966,,,,,,
24,0.583500564,-1.271797657,,,,,,
25,0.551956773,-1.171604633,161.815367,0.076292932,0.460635638,0.345666309,13.545484,0.317952931
26,0.654280782,-1.356989264,,,,,,
27,0.53310436,-1.185753107,,,,,,
28,0.648080826,-1.355077028,,,,,,
29,0.555939138,-0.997077167,,,,,,
30,0.508010209,-1.14385736,154.7112346,0.07371188,0.474396828,0.363439064,12.96320034,0.334161758
31,0.395736873,-1.163396001,,,,,,
32,0.525301695,-1.199826956,,,,,,
33,0.561760008,-1.131043673,,,,,,
34,0.570133924,-1.068949103,,,,,,
35,0.081455544,-0.939528644,146.8444466,0.06126114,0.455409963,0.381719738,13.22200414,0.315137357
36,-0.012231689,-0.742413938,,,,,,
37,0.593864024,-0.748521566,,,,,,
38,0.640540838,-1.317897558,,,,,,
39,0.402128071,-1.023662567,,,,,,
40,0.388436615,-0.8982777,137.7208605,0.057154696,0.484192915,0.379237586,13.13885056,0.342650831
41,0.606850624,-1.03695488,,,,,,
42,0.57912302,-1.212134123,,,,,,
43,0.009082405,-0.760632396,,,,,,
44,0.624555528,-1.340512156,,,,,,
45,0.61263752,-1.310477495,144.6810459,0.055885501,0.508877151,0.358054188,12.57859296,0.344153047
46,0.618284702,-0.90139848,,,,,,
47,0.550263166,-0.991676688,,,,,,
48,0.615769148,-1.307751179,,,,,,
49,0.595249534,-0.839266717,,,,,,
50,0.614008069,-1.221781969,164.7651147,0.053131148,0.504646837,0.358368339,12.85706161,0.335504949
51,0.60133332,-1.289397836,,,,,,
52,0.505924463,-1.091093659,,,,,,
53,0.558149159,-0.809363961,,,,,,
54,0.534136653,-1.145381451,,,,,,
55,0.572912216,-1.252247095,172.1869006,0.054053627,0.513764321,0.351448483,12.78316255,0.352939457
56,0.617875338,-1.150481701,,,,,,
57,0.619862616,-1.200977087,,,,,,
58,0.553584278,-1.150675654,,,,,,
59,0.616939187,-1.31257081,,,,,,
60,0.556555033,-1.062394977,131.5429763,0.058177192,0.508145278,0.356494124,12.99966423,0.344182193
61,0.412685245,-1.093826771,,,,,,
62,0.606688678,-1.29538095,,,,,,
63,0.605446339,-1.229390264,,,,,,
64,0.588620067,-1.245714784,,,,,,
65,0.206790581,-0.857682824,153.251592,0.056975313,0.506742434,0.354315101,13.05296101,0.354542196
66,0.624338388,-1.307198524,,,,,,
67,0.593002498,-1.141814351,,,,,,
68,0.575588405,-1.266962528,,,,,,
69,0.509970367,-1.044414163,,,,,,
70,0.566511035,-1.224614859,161.4770986,0.057840928,0.500685933,0.356080004,12.77827722,0.347379565
71,0.546185374,-1.206806898,,,,,,
72,0.619161665,-1.287986279,,,,,,
73,0.534979582,-0.730797172,,,,,,
74,0.619128764,-1.279417753,,,,,,
75,0.050051581,-0.788030386,115.7991996,0.04942866,0.533716862,0.366550793,12.84403839,0.344450891
76,0.432144225,-0.96903038,,,,,,
77,0.582094669,-1.196391106,,,,,,
78,0.53418225,-1.106010318,,,,,,
79,0.527345657,-1.254993916,,,,,,
80,0.1794478,-1.084455252,145.7508878,0.060693946,0.505108626,0.364946476,12.90196109,0.348674715
81,0.045013003,-0.598825097,,,,,,
82,0.56877017,-1.194430351,,,,,,
83,0.074588105,-0.889349163,,,,,,
84,0.226963609,-0.8704651,,,,,,
85,0.203895271,-0.951057017,135.9959139,0.051182844,0.506514995,0.382689153,12.87263834,0.337487221
86,0.214190036,-0.988143444,,,,,,
87,0.526901603,-1.225514174,,,,,,
88,0.585977077,-1.2430861,,,,,,
89,0.488630176,-0.947906494,,,,,,
90,0.276159197,-1.001312613,135.9959139,0.051182844,0.506514995,0.382689153,12.87263834,0.337487221
91,-0.634631395,-0.049464941,,,,,,
92,0.630809844,-1.236100674,,,,,,
93,0.107206792,-0.747983456,,,,,,
94,0.585651457,-1.09381628,,,,,,
95,0.352925777,-0.895655751,163.2325522,0.043327831,0.507427105,0.361570812,12.68056817,0.341653705
96,0.389535695,-0.793696284,,,,,,
97,-0.18209286,-0.589403749,,,,,,
98,0.539627492,-1.068688631,,,,,,
99,-0.111173436,-0.797488451,,,,,,
100,0.530029297,-0.815646946,128.7489905,0.043634713,0.486300423,0.371305622,13.24310547,0.335901737
101,0.50734365,-1.111602783,,,,,,
102,-0.034848604,-0.88093996,,,,,,
103,0.500556767,-0.766559124,,,,,,
104,0.461135983,-0.906682253,,,,,,
105,-0.031802744,-0.769396722,120.2901552,0.044944655,0.496690124,0.37457878,13.25187994,0.328862727
106,0.012641752,-0.57940954,,,,,,
107,0.490679741,-0.888878942,,,,,,
108,0.562789679,-1.168364167,,,,,,
109,0.557539105,-0.597468674,,,,,,
110,0.447631538,-0.989793539,137.3566433,0.044108767,0.52350642,0.382445897,13.01031364,0.343475044
111,0.498634636,-1.110479832,,,,,,
112,0.532578111,-0.633254111,,,,,,
113,0.568652391,-1.05801177,,,,,,
114,0.563681304,-1.230646014,,,,,,
115,0.506303191,-0.714527369,145.6093701,0.041265517,0.524208774,0.372491268,12.98339642,0.349507183
116,0.547187567,-1.202562094,,,,,,
117,0.568848968,-1.196729422,,,,,,
118,0.507143855,-1.133632183,,,,,,
119,0.47864759,-0.773421407,,,,,,
120,0.523630679,-1.046624541,133.6419542,0.049089395,0.509434685,0.363508977,12.63268191,0.347684056
121,0.579176426,-1.136880159,,,,,,
122,0.57485044,-0.701116562,,,,,,
123,0.458127499,-0.732402921,,,,,,
124,0.561007619,-0.772439122,,,,,,
125,0.539322257,-0.701156735,142.9461791,0.045789562,0.505419148,0.363496314,12.92633963,0.351971239
126,0.523769259,-0.661026776,,,,,,
127,0.511416554,-1.121320248,,,,,,
128,0.508710563,-1.161819458,,,,,,
129,0.475933552,-0.597605526,,,,,,
130,0.001710497,-1.021115422,124.493778,0.038743045,0.461493064,0.376849028,13.48172513,0.324309915
131,0.548409641,-0.852370381,,,,,,
132,0.34303236,-1.05256176,,,,,,
133,0.085170083,-0.568987608,,,,,,
134,0.283868045,-0.840964735,,,,,,
135,0.515727937,-0.620186448,127.9590777,0.042139787,0.512410727,0.376562953,12.78294291,0.340001971
136,0.577712536,-1.058318138,,,,,,
137,0.550799906,-1.099608183,,,,,,
138,0.570228696,-1.087157607,,,,,,
139,0.303276986,-0.347399831,,,,,,
140,0.310360789,-0.890715599,111.0448869,0.041960813,0.465251348,0.381712165,13.67336394,0.319128871
141,0.57959646,-0.715430439,,,,,,
142,0.467460334,-0.954970062,,,,,,
143,0.556717932,-0.945255756,,,,,,
144,0.1101541,-0.455086321,,,,,,
145,0.351314247,-0.951610744,122.7812044,0.040268611,0.493396308,0.374293657,13.19068617,0.336974233
146,0.559975803,-1.10872221,,,,,,
147,0.331867278,-1.002029181,,,,,,
148,0.463890135,-0.621956825,,,,,,
149,0.071557485,-0.89722532,,,,,,
150,0.464048564,-1.105131149,142.9878723,0.043314755,0.492097298,0.368813646,12.74864209,0.338300794
151,0.571170628,-0.665976942,,,,,,
152,0.496818453,-1.107257724,,,,,,
153,0.399668425,-0.768133044,,,,,,
154,0.336136281,-0.896425962,,,,,,
155,0.466616392,-0.660561383,134.0950163,0.038646154,0.496954884,0.359409657,12.78401833,0.336258233
156,0.557675302,-0.894751072,,,,,,
157,0.462043226,-1.005677104,,,,,,
158,0.074358687,-0.770905197,,,,,,
159,0.465866417,-0.797228754,,,,,,
160,-0.271395326,-0.709532201,134.6866763,0.045393221,0.511462243,0.360926332,12.60759232,0.345783144
161,0.513639808,-0.605585217,,,,,,
162,0.450297415,-0.380944014,,,,,,
163,0.51653707,-0.513304472,,,,,,
164,0.500350714,-0.607856989,,,,,,
165,0.486676574,-0.91782093,148.55258,0.03715669,0.493815983,0.364295089,12.96692683,0.339053005
166,0.48137033,-0.900250971,,,,,,
167,0.23230648,-0.637436211,,,,,,
168,0.546681941,-0.737742066,,,,,,
169,0.442546606,-0.719302416,,,,,,
170,0.489180684,-0.692116261,119.1098465,0.037932407,0.49318275,0.380436864,13.42609191,0.334373385
171,0.529468775,-1.023837447,,,,,,
172,0.341365099,-0.683712482,,,,,,
173,0.463420182,-0.813647509,,,,,,
174,0.205537707,-0.759951353,,,,,,
175,0.495550811,-0.538034439,112.7591202,0.038194079,0.493987788,0.377842675,13.19999503,0.350337029
176,0.252767265,-0.59700048,,,,,,
177,0.468784988,-0.891837239,,,,,,
178,0.383049488,-0.778078318,,,,,,
179,0.424399555,-0.421835601,,,,,,
180,0.390357077,-0.871945262,128.0105082,0.035002068,0.496203055,0.374022901,13.37068424,0.339303672
181,0.442605495,-0.998127759,,,,,,
182,0.439502329,-0.641275704,,,,,,
183,-0.004419282,-0.691319287,,,,,,
184,0.475759089,-0.577253699,,,,,,
185,0.311715156,-0.694077253,157.9201156,0.035988946,0.484724638,0.363072201,12.58497082,0.329480201
186,0.036925182,-0.446686149,,,,,,
187,0.518493116,-0.413262814,,,,,,
188,0.49312529,-0.988039076,,,,,,
189,0.542514086,-0.570010185,,,,,,
190,-0.068989106,-0.697592616,112.8516247,0.034912489,0.49569909,0.37745556,12.97242281,0.330187023
191,0.462385237,-0.977119207,,,,,,
192,0.545354009,-0.969029725,,,,,,
193,0.577491522,-1.078540921,,,,,,
194,0.202533498,-0.737926543,,,,,,
195,0.494382262,-0.872146845,160.8097007,0.03438605,0.473736555,0.37450543,13.03617415,0.331749886
196,0.515490353,-1.041553974,,,,,,
197,0.268583953,-0.695001304,,,,,,
198,0.542087793,-0.770018518,,,,,,
199,0.472839266,-0.874358833,,,,,,
200,0.520831823,-0.904911637,119.1467686,0.036630642,0.490562892,0.37475105,13.18223841,0.318328619
201,0.17945376,-0.661828458,,,,,,
202,0.049503285,-0.717767596,,,,,,
203,0.298259616,-0.631567538,,,,,,
204,0.257202417,-0.78101784,,,,,,
205,0.079594485,-0.530843496,115.9711168,0.035953991,0.489897199,0.383815966,13.19073787,0.334442288
206,0.475430667,-0.665340364,,,,,,
207,0.071640097,-0.679745018,,,,,,
208,0.00943474,-0.572206736,,,,,,
209,0.230006695,-0.614322066,,,,,,
210,0.571788609,-0.706792474,103.0456243,0.030964367,0.525862764,0.370262411,12.88399951,0.350085199
211,0.217300087,-0.78645575,,,,,,
212,0.19838883,-0.691110134,,,,,,
213,0.435970157,-0.60658288,,,,,,
214,0.280476451,-0.791044891,,,,,,
215,0.085288733,-0.433521926,133.0826123,0.031210132,0.48995304,0.380366599,13.56403819,0.338499486
216,0.330092251,-0.774155974,,,,,,
217,0.472783893,-0.927098989,,,,,,
218,0.370819926,-0.562118113,,,,,,
219,0.441341519,-0.821167469,,,,,,
220,0.451393604,-0.52523905,113.3050227,0.032530602,0.502653756,0.381436903,12.91700736,0.343940347
221,0.360957533,-0.57076478,,,,,,
222,0.24164167,-0.794256389,,,,,,
223,0.3312186,-0.778363466,,,,,,
224,0.505709291,-0.826187849,,,,,,
225,0.161017716,-0.825602174,118.1242161,0.033629939,0.472743608,0.385291114,13.7017812,0.342571318
226,0.416454315,-0.781458497,,,,,,
227,0.452188373,-0.570122182,,,,,,
228,0.433623552,-0.751712501,,,,,,
229,0.451901317,-0.729864955,,,,,,
230,0.036703084,-0.586360455,111.8619851,0.029765597,0.493898723,0.383148492,13.23037304,0.332346857
231,0.388067305,-0.854497015,,,,,,
232,0.04606659,-0.466430008,,,,,,
233,0.255194068,-0.455696464,,,,,,
234,0.455002189,-0.628278971,,,,,,
235,0.157061562,-0.366188049,140.6516546,0.032109868,0.468574443,0.376088797,13.45285469,0.333487242
236,0.23376441,-0.539602101,,,,,,
237,0.431220889,-0.710940599,,,,,,
238,-0.024935216,-0.308048069,,,,,,
239,0.338360429,-0.906750202,,,,,,
240,0.500287056,-0.665592432,125.952109,0.025744034,0.479245948,0.375630993,13.23696144,0.342634082
241,0.400538534,-0.547983348,,,,,,
242,-0.07518255,-0.519618571,,,,,,
243,0.476946443,-0.508623421,,,,,,
244,0.29678598,-0.688544989,,,,,,
245,-0.034946229,-0.397547245,140.8031662,0.028524721,0.507126886,0.386757742,13.23391117,0.323198497
246,0.231883302,-0.655461311,,,,,,
247,0.469905376,-0.860212207,,,,,,
248,0.283040404,-0.844454408,,,,,,
249,0.467852652,-0.625549018,,,,,,
250,0.36356318,-0.850567698,124.7821256,0.0266305,0.497587284,0.361696151,12.77653428,0.340316266
251,0.467004746,-0.686532855,,,,,,
252,0.154114455,-0.730337977,,,,,,
253,0.056493953,-0.429846048,,,,,,
254,0.348620683,-0.429493129,,,,,,
255,0.283584893,-0.648007393,106.2116655,0.026732394,0.490643668,0.362704183,12.98805002,0.345155716
256,0.015067389,-0.517057896,,,,,,
257,0.170170099,-0.671997428,,,,,,
258,0.395006865,-0.554878533,,,,,,
259,0.282047838,-0.589016914,,,,,,
260,0.327233285,-0.720892012,115.1963903,0.026834657,0.49633813,0.368930988,13.17363158,0.337281883
261,0.501284301,-0.63469249,,,,,,
262,0.148961157,-0.558656335,,,,,,
263,0.453582287,-0.49907726,,,,,,
264,0.255176961,-0.739227414,,,,,,
265,0.375883698,-0.415642709,115.6666182,0.024122307,0.469668876,0.388175636,13.35844055,0.334467232
266,-0.09012828,-0.536755681,,,,,,
267,0.442669034,-0.466625303,,,,,,
268,0.478706092,-0.470869839,,,,,,
269,0.464314014,-0.579325676,,,,,,
270,0.163505733,-0.427815944,132.8198525,0.025860012,0.486034737,0.380963157,12.84712579,0.327803791
271,0.357352406,-0.419337451,,,,,,
272,0.024256939,-0.303874224,,,,,,
273,0.450135887,-0.562689543,,,,,,
274,0.205044508,-0.402138293,,,,,,
275,0.126827553,-0.436881721,114.4298704,0.023527777,0.513855768,0.35831373,12.86724663,0.343468606
276,0.672959089,-1.280213237,,,,,,
277,0.244757384,-0.419426501,,,,,,
278,0.502859354,-0.48008877,,,,,,
279,-0.244011432,-0.404453725,,,,,,
280,0.245157853,-0.840540588,119.5992954,0.019788643,0.521310287,0.358428284,13.17056906,0.358066499
281,0.552972555,-0.691848516,,,,,,
282,0.296884358,-0.733218729,,,,,,
283,0.406589091,-0.821613789,,,,,,
284,0.40574339,-0.767554879,,,,,,
285,0.392095745,-0.461898834,113.7790276,0.022862464,0.501580321,0.366394066,12.893832,0.334510654
286,0.117103197,-0.761848867,,,,,,
287,0.287052542,-0.404410452,,,,,,
288,0.428128302,-0.970666945,,,,,,
289,0.409655988,-0.460239679,,,,,,
290,0.028948637,-0.401848942,118.7024436,0.023858186,0.464987675,0.385300777,13.29285603,0.313682318
291,0.161667168,-0.318773299,,,,,,
292,0.448048353,-0.800939739,,,,,,
293,0.215722248,-0.46729368,,,,,,
294,0.417313516,-0.487418532,,,,,,
295,0.546547532,-0.529622614,113.6845725,0.024644079,0.485548593,0.373129458,13.52825073,0.331253529
296,-0.081074372,-0.493431091,,,,,,
297,0.495857656,-0.531990469,,,,,,
298,0.44828698,-0.598115206,,,,,,
299,0.413371682,-0.754506469,,,,,,
300,0.483005106,-0.579857707,113.5891228,0.029428482,0.482486241,0.367625413,13.47643195,0.352822036
301,-0.250008762,-0.452932894,,,,,,
302,0.31495285,-0.533958673,,,,,,
303,0.458320856,-0.51186806,,,,,,
304,0.330694646,-0.246386021,,,,,,
305,-0.021925896,-0.70055449,123.5771562,0.028437197,0.495099841,0.36537716,12.7520603,0.334357917
306,0.492574722,-0.700895488,,,,,,
307,0.208072245,-0.824582577,,,,,,
308,0.514517128,-0.573553979,,,,,,
309,0.460718244,-0.841531396,,,,,,
310,0.444250494,-0.489414304,155.3027708,0.027611252,0.489345601,0.375019391,13.26203518,0.335500002
311,0.243171051,-0.35196647,,,,,,
312,0.353835762,-0.370832413,,,,,,
313,0.505171478,-0.477903724,,,,,,
314,0.234945819,-0.469618976,,,,,,
315,0.448441029,-0.710580707,142.260519,0.028779166,0.506226454,0.365761116,12.5122785,0.339895427
316,0.008480124,-0.415360451,,,,,,
317,0.456720591,-0.659959257,,,,,,
318,0.417777121,-0.555156589,,,,,,
319,0.174753547,-0.442177981,,,,,,
320,0.368668824,-0.589126229,129.493634,0.028184997,0.495020974,0.388163165,13.07184177,0.332102299
321,-0.024029892,-0.42560786,,,,,,
322,0.056648742,-0.488547325,,,,,,
323,0.222385675,-0.563389778,,,,,,
324,0.174586311,-0.31485036,,,,,,
325,0.082981527,-0.485892266,138.6770818,0.028227519,0.508722624,0.375121264,12.70409885,0.327072769
326,0.065505497,-0.5574646,,,,,,
327,0.391640961,-0.415023685,,,,,,
328,0.270930737,-0.424230814,,,,,,
329,0.110406294,-0.361810237,,,,,,
330,0.21531947,-0.583173156,128.8946804,0.027565468,0.504875962,0.364150461,12.54449998,0.327355623
331,-0.048656695,-0.453517348,,,,,,
332,0.072367266,-0.360355794,,,,,,
333,-0.053874377,-0.601456642,,,,,,
334,0.161093324,-0.393900633,,,,,,
335,0.347182989,-0.37638104,144.3980483,0.02726466,0.50938279,0.366586249,12.76958642,0.346702099
336,0.194903627,-0.457985461,,,,,,
337,0.390044212,-0.45431748,,,,,,
338,0.315158308,-0.502858222,,,,,,
339,0.071632169,-0.41582945,,,,,,
340,-0.296803653,-0.575425446,129.7613307,0.025166992,0.497531852,0.358838002,12.70055516,0.33296898
341,0.405973822,-0.484870583,,,,,,
342,0.403873861,-0.475799233,,,,,,
343,0.478281856,-0.349009901,,,,,,
344,0.057684999,-0.463834196,,,,,,
345,0.087520897,-0.413764566,117.7132948,0.023968529,0.484038639,0.374681353,13.32642696,0.340910941
346,0.153442398,-0.55530411,,,,,,
347,0.449001849,-0.6610412,,,,,,
348,-0.063356608,-0.483337224,,,,,,
349,-0.04807853,-0.367181033,,,,,,
350,0.450248361,-0.423941016,113.3657155,0.023836322,0.5046246,0.373929242,13.28242683,0.338135302
351,0.413420916,-0.502679944,,,,,,
352,0.394374073,-0.38934201,,,,,,
353,0.440626562,-0.480345964,,,,,,
354,0.35768792,-0.409908414,,,,,,
355,0.352976084,-0.529348791,109.3778864,0.025939524,0.490072112,0.373223139,12.93388583,0.334893107
356,0.086294681,-0.284497172,,,,,,
357,0.432725489,-0.424995601,,,,,,
358,0.066115476,-0.412393868,,,,,,
359,0.495349169,-0.469652951,,,,,,
360,0.088663459,-0.527328908,132.1702125,0.028469535,0.474412686,0.37308095,13.0938328,0.3398664
361,0.127228737,-0.433500826,,,,,,
362,0.122976497,-0.368928254,,,,,,
363,0.018104658,-0.452248663,,,,,,
364,0.282296538,-0.532833159,,,,,,
365,0.223036408,-0.482064188,107.854658,0.022232117,0.497736243,0.382019971,13.01984873,0.33056578
366,0.396571904,-0.482307762,,,,,,
367,0.363390476,-0.358791083,,,,,,
368,-0.108239725,-0.279892176,,,,,,
369,0.005722294,-0.474582493,,,,,,
370,0.381219566,-0.566463172,138.2221485,0.021843227,0.469570166,0.37911772,13.60818414,0.319120973
371,-0.050623171,-0.417775959,,,,,,
372,0.41514653,-0.489181519,,,,,,
373,0.07253404,-0.527648568,,,,,,
374,0.104367994,-0.472596169,,,,,,
375,-0.057265736,-0.445649803,136.8836027,0.02244423,0.483225893,0.368690672,13.08643142,0.334117651
376,-0.024176989,-0.426045418,,,,,,
377,0.27572906,-0.383469582,,,,,,
378,-0.004226973,-0.353745311,,,,,,
379,0.115731724,-0.380783767,,,,,,
380,-0.002861235,-0.330437541,135.7585824,0.022274936,0.508348156,0.371500926,12.54622032,0.335109174
381,0.011855781,-0.388742447,,,,,,
382,0.05831426,-0.38019371,,,,,,
383,0.06162066,-0.351663858,,,,,,
384,0.15871495,-0.279297978,,,,,,
385,0.05870365,-0.440107167,125.0973257,0.021100385,0.482306816,0.378436515,13.52089247,0.330095649
386,0.184752643,-0.503771842,,,,,,
387,0.309044629,-0.380383581,,,,,,
388,0.122670382,-0.235911906,,,,,,
389,0.286879629,-0.434702605,,,,,,
390,-0.018301396,-0.43839395,129.7203548,0.019300552,0.510380714,0.368298349,12.84567967,0.344259262
391,-0.082467236,-0.423552305,,,,,,
392,0.405698121,-0.396214753,,,,,,
393,0.006055772,-0.456240863,,,,,,
394,0.111840367,-0.377976954,,,,,,
395,-0.018072343,-0.339930117,103.9164431,0.020332962,0.479354198,0.381127126,13.38784526,0.32924965
396,0.224686682,-0.589490652,,,,,,
397,0.390540123,-0.45431,,,,,,
398,0.174178198,-0.519967675,,,,,,
399,0.389147818,-0.375827134,,,,,,
400,0.336169899,-0.491489381,108.9138147,0.018715765,0.479764589,0.385646649,13.38846255,0.326164931
401,0.259257764,-0.482717752,,,,,,
402,0.237670332,-0.241844445,,,,,,
403,0.206434757,-0.655180991,,,,,,
404,0.059424937,-0.443764865,,,,,,
405,0.290698349,-0.422548592,104.9262576,0.022096856,0.516227684,0.362516301,12.43944276,0.342616498
406,0.394256413,-0.341176957,,,,,,
407,-0.144041345,-0.384435564,,,,,,
408,0.169667393,-0.438507199,,,,,,
409,0.125525072,-0.392740905,,,,,,
410,0.060365923,-0.529293895,118.9310117,0.019466318,0.497000681,0.376059225,13.03086952,0.32359311
411,0.384535134,-0.32398203,,,,,,
412,0.131930217,-0.514515638,,,,,,
413,0.011336122,-0.42762354,,,,,,
414,0.353328526,-0.465113729,,,,,,
415,0.379383087,-0.384833694,117.400898,0.019398587,0.498891716,0.383043447,13.57711602,0.330057651
416,0.023982003,-0.564917088,,,,,,
417,0.338689506,-0.466083288,,,,,,
418,0.298105836,-0.361572355,,,,,,
419,-0.026821554,-0.296636313,,,,,,
420,0.033219501,-0.379785299,135.3071557,0.018259034,0.476557264,0.361945344,12.99926155,0.336561888
421,0.198905125,-0.527095795,,,,,,
422,0.207788244,-0.333718032,,,,,,
423,0.163153768,-0.414001644,,,,,,
424,0.103404433,-0.487229407,,,,,,
425,0.079968959,-0.367487252,111.8338794,0.017213432,0.50452426,0.387713248,12.9651976,0.335168898
426,0.329630077,-0.323755324,,,,,,
427,0.373420358,-0.453004628,,,,,,
428,0.125567257,-0.419627547,,,,,,
429,0.336840481,-0.375480443,,,,,,
430,0.368227065,-0.320549607,129.4291958,0.017001942,0.544423389,0.35261355,12.90863673,0.346466243
431,0.206506163,-0.171655774,,,,,,
432,0.314203441,-0.411684036,,,,,,
433,-0.177856117,-0.379841924,,,,,,
434,-0.04728917,-0.445346981,,,,,,
435,0.457002997,-0.39417237,106.8379273,0.019476615,0.496991789,0.35935409,12.47926584,0.333616704
436,0.395997673,-0.344099075,,,,,,
437,0.33366853,-0.426449507,,,,,,
438,0.388034523,-0.413651109,,,,,,
439,0.27114141,-0.453966051,,,,,,
440,-0.013511004,-0.427672952,111.9158745,0.019741118,0.481265987,0.376746732,12.69635992,0.327831268
441,0.443296373,-0.328424335,,,,,,
442,0.335905135,-0.258585155,,,,,,
443,-0.023034085,-0.452900678,,,,,,
444,-0.068337806,-0.367127389,,,,,,
445,0.316186011,-0.341349602,128.4303506,0.019781943,0.497658291,0.386331854,12.88192621,0.336129487
446,0.322999299,-0.406518579,,,,,,
447,0.453695565,-0.560686827,,,,,,
448,0.359875917,-0.328106165,,,,,,
449,0.37888214,-0.410451025,,,,,,
450,0.019606736,-0.405742526,132.0005121,0.017294444,0.469491142,0.386438733,13.11683643,0.321357369
451,0.264124572,-0.203688502,,,,,,
452,0.264605105,-0.408073962,,,,,,
453,0.101075605,-0.393523455,,,,,,
454,-0.024635697,-0.309978068,,,,,,
455,0.050012205,-0.246206284,119.7510208,0.015741035,0.489076454,0.374780832,12.49299531,0.323084354
456,0.385216534,-0.381612509,,,,,,
457,0.192648038,-0.368518531,,,,,,
458,0.371346086,-0.460720479,,,,,,
459,0.403063536,-0.347472697,,,,,,
460,0.318415076,-0.202531576,113.2060406,0.017796969,0.491392532,0.379949531,13.38639125,0.330273002
461,0.385301948,-0.339668036,,,,,,
462,0.251279533,-0.343251586,,,,,,
463,0.015785631,-0.424628139,,,,,,
464,-0.028123569,-0.283205032,,,,,,
465,0.397859097,-0.289334297,121.6617253,0.019163137,0.511415789,0.358778009,12.22160553,0.341887504
466,0.111467578,-0.426532984,,,,,,
467,0.158502102,-0.329749525,,,,,,
468,0.376954913,-0.41421786,,,,,,
469,0.303831846,-0.249783918,,,,,,
470,0.430896163,-0.389914513,99.94616547,0.016297435,0.509686071,0.377802568,12.48977041,0.324549973
471,0.42371425,-0.334813505,,,,,,
472,-0.03370209,-0.421752334,,,,,,
473,0.02543577,-0.432155192,,,,,,
474,0.060972337,-0.342153728,,,,,,
475,0.031044997,-0.243008912,123.3748973,0.017436888,0.506306641,0.369644714,13.15148887,0.341613412
476,0.334073067,-0.391219497,,,,,,
477,0.064846016,-0.469095528,,,,,,
478,0.296371043,-0.447003245,,,,,,
479,0.000346515,-0.328013331,,,,,,
480,0.240195408,-0.460527956,114.1744806,0.015781097,0.505128198,0.364724748,12.58831374,0.339366674
481,0.400206864,-0.313000351,,,,,,
482,0.149696767,-0.406734049,,,,,,
483,-0.019935109,-0.451088488,,,,,,
484,-0.01029567,-0.324217558,,,,,,
485,0.430332482,-0.306133956,114.3504828,0.01480621,0.509150278,0.365199918,12.80073418,0.339661062
486,0.131055683,-0.445235044,,,,,,
487,-0.182365268,-0.386663646,,,,,,
488,0.010090372,-0.402822524,,,,,,
489,0.388065577,-0.322395921,,,,,,
490,0.343518853,-0.483770072,112.4150737,0.018836033,0.486803675,0.378449668,13.13463782,0.330537081
491,0.137783453,-0.35178861,,,,,,
492,-0.230461136,-0.446469963,,,,,,
493,0.33798331,-0.38344568,,,,,,
494,0.006652229,-0.351135731,,,,,,
495,-0.098245054,-0.419029325,133.9220987,0.017293425,0.496279021,0.372957934,12.85321531,0.33537358
496,0.335978031,-0.34301722,,,,,,
497,0.374039829,-0.435421616,,,,,,
498,0.352573961,-0.407945365,,,,,,
499,0.053803533,-0.342569083,,,,,,
500,0.240829349,-0.325842977,126.5782355,0.016525215,0.471103374,0.382567713,13.57826898,0.334703594
501,0.286883831,-0.35906893,,,,,,
502,-0.144253939,-0.291216552,,,,,,
503,0.17043598,-0.263083786,,,,,,
504,0.373016,-0.34209919,,,,,,
505,0.023739882,-0.322538525,126.5782355,0.016525215,0.471103374,0.382567713,13.57826898,0.334703594
506,0.653810918,-0.009048045,,,,,,
507,0.510836244,-0.949788094,,,,,,
508,0.428231388,-0.925190449,,,,,,
509,0.470976233,-1.011073947,,,,,,
510,-0.011924475,0.098519415,117.1880723,0.014282742,0.494464543,0.396361907,13.34518967,0.316969633
511,-0.059110865,-0.980202079,,,,,,
512,0.442656517,-1.066714644,,,,,,
513,-0.013274323,-0.5510813,,,,,,
514,0.488014072,-1.019846797,,,,,,
515,0.476631582,-0.483726948,119.9280659,0.014334848,0.465681419,0.370603637,13.51349345,0.32372129
516,0.495502442,-0.833001971,,,,,,
517,0.640064597,-1.138216019,,,,,,
518,0.488771737,-1.055737376,,,,,,
519,0.584587336,-0.721605718,,,,,,
520,0.457989901,-0.284064323,127.252826,0.017649053,0.500570333,0.365871734,13.37412256,0.343961179
521,0.613601208,-0.720900893,,,,,,
522,0.215814158,-0.154330179,,,,,,
523,-0.018419676,-0.040145099,,,,,,
524,0.453109413,-1.049714446,,,,,,
525,0.417337418,-0.780997276,108.096526,0.01477334,0.485393646,0.379043971,13.42525893,0.323818296
526,0.059818551,-0.642549574,,,,,,
527,0.531493783,-1.113171577,,,,,,
528,-0.182280988,-0.910330117,,,,,,
529,0.205820918,-0.644276381,,,,,,
530,0.349114537,-0.602250099,144.6316353,0.013800236,0.507401449,0.370025037,13.00101391,0.329254746
531,0.585653663,-1.054031014,,,,,,
532,0.588888645,-0.529294968,,,,,,
533,0.129883021,-0.791221023,,,,,,
534,-0.247168168,-0.619847298,,,,,,
535,0.391013563,-0.26199016,115.6416032,0.015453841,0.529461284,0.36717429,12.54927347,0.35215804
536,0.612116694,-0.563514113,,,,,,
537,0.259303451,-0.494970798,,,,,,
538,0.412020326,-0.912181497,,,,,,
539,0.301434934,-0.582159638,,,,,,
540,0.527944565,-0.25147441,127.3849092,0.015521863,0.472827381,0.400801647,13.78152424,0.318069994
541,0.134643003,-0.512976646,,,,,,
542,0.026174795,-0.155443072,,,,,,
543,0.586797833,-0.87740922,,,,,,
544,0.530422211,-0.717615306,,,,,,
545,-0.054255027,-0.394764215,129.1519061,0.017237766,0.505420999,0.369356467,13.03250208,0.340056777
546,0.428492486,-0.380768836,,,,,,
547,0.527127743,-0.59999001,,,,,,
548,0.321045309,-0.620647788,,,,,,
549,0.44049719,-0.635541677,,,,,,
550,0.178348988,-0.262065709,128.7987194,0.017253745,0.508128795,0.370774964,12.8349147,0.352734983
551,0.041101299,-0.632683635,,,,,,
552,0.575002849,-0.812968373,,,,,,
553,0.156219602,-0.422719866,,,,,,
554,0.566325605,-0.594463706,,,,,,
555,0.46224007,-0.715694785,135.7186677,0.017981734,0.502526771,0.37962107,12.88547839,0.346792638
556,0.544049323,-0.544059277,,,,,,
557,0.332082957,-0.54628396,,,,,,
558,0.539971709,-0.547994494,,,,,,
559,0.507802427,-0.523399711,,,,,,
560,0.477237165,-0.632232726,139.7782691,0.019210745,0.516308506,0.361825546,12.444261,0.332500219
561,0.12570028,-0.162394002,,,,,,
562,0.497005194,-0.88158989,,,,,,
563,0.064810187,-0.574791789,,,,,,
564,0.318285584,-0.51053071,,,,,,
565,0.382054985,-0.950018287,113.3281872,0.019694177,0.498812688,0.399425122,13.36204022,0.338346004
566,0.478866518,-0.55625242,,,,,,
567,-0.303170413,-0.603348672,,,,,,
568,0.240467191,-0.419053674,,,,,,
569,-0.012330312,-0.521391511,,,,,,
570,0.196204424,-0.776694298,140.7212065,0.017931499,0.498830481,0.374030367,13.19429933,0.331974804
571,0.551749706,-0.556497276,,,,,,
572,0.226192862,-0.294072896,,,,,,
573,0.576585233,-0.901405215,,,,,,
574,0.382935107,-0.766682863,,,,,,
575,-0.047911279,-0.401921093,110.4408616,0.017560728,0.488549105,0.37168889,13.53550572,0.33956778
576,0.318977356,-0.273981929,,,,,,
577,0.138329297,-0.340620458,,,,,,
578,-0.263409436,-0.434570998,,,,,,
579,0.041171044,-0.479460865,,,,,,
580,0.378216833,-0.803947508,132.708801,0.017658403,0.508058444,0.378303635,12.93755685,0.341749668
581,0.421331286,-0.711805582,,,,,,
582,0.33662796,-0.610035419,,,,,,
583,0.217308223,-0.299093992,,,,,,
584,0.406684995,-0.544659913,,,,,,
585,-0.098117769,-0.546772599,121.305876,0.016846221,0.467492981,0.375664763,13.18017533,0.330317795
586,0.503760099,-0.713108957,,,,,,
587,0.423745066,-0.725975454,,,,,,
588,0.453882992,-0.788041592,,,,,,
589,0.471945584,-0.560858369,,,,,,
590,0.314536661,-0.730399966,120.6761448,0.016785564,0.471622499,0.389433896,13.3666855,0.33496815
591,0.176750511,-0.574569762,,,,,,
592,0.340641052,-0.722085238,,,,,,
593,0.269413233,-0.135831684,,,,,,
594,0.209885567,-0.17511037,,,,,,
595,0.189721256,-0.928765178,120.0520595,0.017107362,0.507264781,0.358226785,13.08578842,0.34013778
596,0.532514453,-0.794266164,,,,,,
597,0.549634278,-0.483442366,,,,,,
598,0.433653057,-0.664400339,,,,,,
599,0.407853633,-0.335002631,,,,,,
600,0.505378842,-0.695022345,137.1796561,0.017940281,0.500313813,0.366564147,12.71143762,0.338522792
601,0.304309845,-0.287381887,,,,,,
602,0.35764116,-0.708100677,,,,,,
603,-0.178240478,-0.445062369,,,,,,
604,0.286385894,-0.752904892,,,,,,
605,0.151376426,-0.491078049,109.6739203,0.019401846,0.512008461,0.375226447,12.65100893,0.327899873
606,0.067726962,-0.427892059,,,,,,
607,-0.036464896,-0.357525319,,,,,,
608,0.096816733,-0.317515105,,,,,,
609,0.069124915,-0.477588534,,,,,,
610,-0.014275119,-0.294200659,117.6251393,0.015971692,0.482551715,0.381123975,13.08335504,0.332795143
611,0.474860728,-0.713217258,,,,,,
612,0.543076754,-0.471357971,,,,,,
613,-0.173225284,-0.60737741,,,,,,
614,0.118879333,-0.820740581,,,,,,
615,-0.234008446,-0.436234027,107.3633844,0.016805325,0.509527935,0.363226063,12.99024154,0.340078384
616,0.255310893,-0.346461385,,,,,,
617,0.490565985,-0.556184709,,,,,,
618,0.124786481,-0.339144349,,,,,,
619,-0.22577849,-0.453713596,,,,,,
620,0.3546516,-0.298834711,124.6812702,0.017958848,0.496395258,0.371970564,13.27122314,0.350797027
621,0.372990578,-0.437012762,,,,,,
622,0.427640736,-0.622820139,,,,,,
623,0.275574237,-0.554715157,,,,,,
624,0.175561279,-0.723579764,,,,,,
625,0.227394596,-0.426650822,138.4347228,0.019080395,0.493114528,0.376118449,13.49993474,0.345254183
626,0.382530063,-0.619154215,,,,,,
627,-0.055616476,-0.410243809,,,,,,
628,0.385832846,-0.326444477,,,,,,
629,0.13578862,-0.475209296,,,,,,
630,0.360183418,-0.518155694,111.7616634,0.019883379,0.51625449,0.378791407,12.8822965,0.323499441
631,-0.005389549,-0.581514895,,,,,,
632,0.253396451,-0.353601515,,,,,,
633,0.257672131,-0.856783986,,,,,,
634,0.452855945,-0.416553497,,,,,,
635,-0.017816423,-0.28704685,116.9413789,0.019759765,0.484041042,0.387271322,13.36369629,0.338809192
636,0.410259336,-0.52443707,,,,,,
637,0.188895956,-0.294433057,,,,,,
638,-0.066833816,-0.4575679,,,,,,
639,0.50085628,-0.523316741,,,,,,
640,0.009062449,-0.534730434,118.5234819,0.018227085,0.504635597,0.368063821,12.85835926,0.334067762
641,-0.084915861,-0.408390611,,,,,,
642,0.115486749,-0.3825517,,,,,,
643,0.425162196,-0.745296419,,,,,,
644,0.095677644,-0.72394067,,,,,,
645,0.370367885,-0.508458853,101.2433381,0.016150758,0.485157497,0.385989765,13.49860096,0.314612389
646,-0.070831805,-0.555632174,,,,,,
647,0.147252798,-0.269435525,,,,,,
648,0.300250173,-0.35965234,,,,,,
649,0.336325467,-0.443858892,,,,,,
650,0.441966504,-0.448368609,107.7586017,0.019402919,0.490321061,0.377159434,13.0162355,0.333428383
651,0.298894137,-0.656941473,,,,,,
652,0.42704314,-0.400185347,,,,,,
653,0.46359846,-0.612505436,,,,,,
654,0.33841455,-0.509323061,,,,,,
655,0.287792563,-0.183897734,127.7690775,0.020471418,0.475862299,0.387128622,13.55663798,0.314956486
656,-1.87E-05,-0.360919893,,,,,,
657,-0.075141549,-0.501072824,,,,,,
658,-0.075013883,-0.486513317,,,,,,
659,-0.186155587,-0.467978567,,,,,,
660,0.364512622,-0.429231375,125.7280704,0.01961126,0.511333512,0.36623242,12.90863269,0.347636431
661,0.023785729,-0.435497105,,,,,,
662,0.339782566,-0.387246341,,,,,,
663,-0.145206958,-0.610007226,,,,,,
664,0.300899595,-0.242598027,,,,,,
665,0.197048053,-0.39210698,121.782538,0.020656075,0.506321827,0.37294267,12.7387151,0.34694472
666,0.393483341,-0.305846393,,,,,,
667,0.053957604,-0.328785062,,,,,,
668,0.397970378,-0.5946666,,,,,,
669,-0.057192773,-0.50782156,,,,,,
670,0.095866792,-0.465911895,110.0619748,0.022867883,0.494133734,0.35928109,12.91573671,0.341585159
671,0.077393182,-0.408602566,,,,,,
672,0.382800162,-0.445386291,,,,,,
673,0.084104985,-0.36990124,,,,,,
674,0.028706357,-0.247828379,,,,,,
675,0.032993369,-0.428094894,130.8244951,0.023320002,0.500910951,0.364354921,12.9054165,0.344380945
676,0.164642721,-0.265055448,,,,,,
677,0.404777497,-0.32182169,,,,,,
678,0.211291239,-0.247005761,,,,,,
679,0.329736441,-0.524253964,,,,,,
680,0.424471647,-0.491990328,93.6253168,0.019293861,0.487024324,0.364883814,13.14752255,0.328440577
681,0.560258269,-1.210589647,,,,,,
682,0.482943892,-0.963902831,,,,,,
683,0.525070667,-0.882731974,,,,,,
684,0.54227221,-0.585087419,,,,,,
685,0.086150259,-0.370179236,110.9379747,0.02095522,0.512005639,0.358748957,12.86232593,0.349033505
686,0.205840334,-0.525540054,,,,,,
687,0.585207462,-0.439439595,,,,,,
688,-0.009490184,-0.524277449,,,,,,
689,0.325585335,-0.240733862,,,,,,
690,0.483356625,-0.42237553,118.3632337,0.020721486,0.501095963,0.383461814,13.69759028,0.334446192
691,0.054446869,-0.223528504,,,,,,
692,0.174140245,-0.292524219,,,,,,
693,0.102231584,-0.41191414,,,,,,
694,0.071940728,-0.293397695,,,,,,
695,-0.311221749,-0.609711945,134.274524,0.021681465,0.486386943,0.389610066,13.32987203,0.324751914
696,0.494299948,0.060834706,,,,,,
697,0.318514466,-0.315799534,,,,,,
698,0.12985079,-0.720959485,,,,,,
699,0.375099778,-0.866903901,,,,,,
700,0.036297478,-0.368632138,119.1523256,0.018801637,0.494776651,0.377953312,13.60690278,0.332999825
701,0.409594446,-0.347767413,,,,,,
702,-0.164952964,-0.335034519,,,,,,
703,0.245673478,-0.645354569,,,,,,
704,0.568983853,-0.568240881,,,,,,
705,0.546675503,-0.418325901,125.2849553,0.020489108,0.505568271,0.358400378,12.89824728,0.346060753
706,0.064920522,-0.036055565,,,,,,
707,0.106628068,-0.405324012,,,,,,
708,-0.041439936,-0.556307495,,,,,,
709,-0.015059568,-0.720341563,,,,,,
710,0.435515463,-0.242947817,112.1608602,0.020325171,0.491198317,0.378156781,12.99392705,0.331467479
711,0.059951846,-0.28635937,,,,,,
712,0.008818537,-0.164131552,,,,,,
713,0.106766917,-0.458302349,,,,,,
714,0.258139342,-0.515603721,,,,,,
715,0.177981108,-0.212509632,116.1110252,0.019308567,0.511286568,0.381125269,13.06119381,0.327415138
716,0.043346085,-0.244472742,,,,,,
717,0.452801585,-0.538340867,,,,,,
718,0.415509164,-0.252044499,,,,,,
719,0.265190721,-0.485358655,,,,,,
720,0.459506303,-0.44326818,127.7836686,0.019845005,0.483593273,0.37981435,13.65176378,0.339583308
721,0.438803911,-0.400119841,,,,,,
722,0.159927011,-0.589125812,,,,,,
723,0.394524634,-0.466246426,,,,,,
724,0.374865115,-0.40974468,,,,,,
725,0.279176801,-0.44151628,138.4814764,0.021377536,0.49106338,0.361093174,12.8508047,0.348505735
726,0.337836921,-0.305523962,,,,,,
727,-0.200941354,-0.415461957,,,,,,
728,0.170119405,-0.569882512,,,,,,
729,0.164539367,-0.383389115,,,,,,
730,0.110909119,-0.301252663,129.5503937,0.016165685,0.491709152,0.372249788,13.20322566,0.337073803
731,-0.094673328,-0.415396482,,,,,,
732,0.138348147,-0.397585422,,,,,,
733,0.382026792,-0.561540484,,,,,,
734,0.275870353,-0.355799258,,,,,,
735,0.081083521,-0.35423696,133.3639961,0.019776853,0.519368569,0.359187573,12.69639531,0.356067896
736,0.170257032,-0.437389612,,,,,,
737,0.359972239,-0.441160113,,,,,,
738,0.41345948,-0.480386227,,,,,,
739,0.252205849,-0.249875024,,,,,,
740,0.252438962,-0.512859046,108.0857073,0.017388649,0.492919958,0.379960277,13.40618489,0.318189502
741,0.380507946,-0.435086936,,,,,,
742,-0.081923306,-0.496491492,,,,,,
743,0.3712686,-0.243145391,,,,,,
744,0.020164672,-0.327699453,,,,,,
745,0.059153777,-0.369145215,100.7341542,0.016019749,0.50315844,0.380773811,13.4087818,0.340387374
746,0.414920568,-0.345096231,,,,,,
747,-0.131233171,-0.271064341,,,,,,
748,0.167199254,-0.303749919,,,,,,
749,0.255726218,-0.314607084,,,,,,
750,-0.012385515,-0.302533418,159.9713332,0.016874405,0.481955933,0.37060656,13.00054793,0.349857152
751,0.333531916,-0.346917272,,,,,,
752,0.467240453,-0.43386066,,,,,,
753,0.411543012,-0.283377916,,,,,,
754,-0.164891526,-0.370850652,,,,,,
755,0.297278762,-0.504194617,137.8014025,0.018267779,0.510095024,0.358928138,12.8530756,0.338757515
756,0.40260154,-0.282829821,,,,,,
757,0.284304917,-0.404671103,,,,,,
758,-0.011512294,-0.448212445,,,,,,
759,0.199371636,-0.22081244,,,,,,
760,0.164870813,-0.55780375,108.2229634,0.017556868,0.492190651,0.38003047,13.31365835,0.333161741
761,0.190882951,-0.229051635,,,,,,
762,0.344616115,-0.4727934,,,,,,
763,0.341357589,-0.456132144,,,,,,
764,0.08432278,-0.336041361,,,,,,
765,0.015781779,-0.316896826,150.8587081,0.019275384,0.513803165,0.353993349,12.64997077,0.339429736
766,0.348475754,-0.450421214,,,,,,
767,0.085924655,-0.472506523,,,,,,
768,0.209612682,-0.59036988,,,,,,
769,0.351056635,-0.489547938,,,,,,
770,0.447947681,-0.488278866,117.5145362,0.022953989,0.508981401,0.380031341,13.015037,0.332139164
771,0.149040073,-0.776413262,,,,,,
772,0.385383427,-0.448753536,,,,,,
773,0.115036853,-0.490288764,,,,,,
774,0.493329644,-0.53061527,,,,,,
775,0.162319466,-0.508601785,123.8572967,0.021205381,0.51133628,0.358992144,12.61980831,0.343284935
776,0.138808876,-0.497189552,,,,,,
777,0.10299857,-0.577514887,,,,,,
778,0.164337993,-0.401421338,,,,,,
779,0.100031368,-0.715175152,,,,,,
780,0.121352755,-0.406573951,94.13766911,0.02538692,0.478311584,0.381146326,13.21917119,0.313538313
781,0.184803173,-0.426699072,,,,,,
782,0.117223181,-0.357919931,,,,,,
783,0.197462335,-0.58395803,,,,,,
784,0.106674969,-0.522265315,,,,,,
785,0.381566465,-0.521679163,122.3989112,0.02485371,0.489266342,0.363120461,12.8576931,0.338589579
786,0.366612792,-0.513300657,,,,,,
787,0.26696986,-0.638798475,,,,,,
788,0.040300906,-0.459730953,,,,,,
789,0.125752032,-0.49910596,,,,,,
790,0.359276712,-0.318288326,116.0891332,0.025194814,0.502951888,0.371504434,13.01196629,0.331605613
791,0.060589213,-0.580185592,,,,,,
792,0.250172079,-0.580051064,,,,,,
793,0.015860386,-0.451766372,,,,,,
794,-0.223990411,-0.504436851,,,,,,
795,0.231067151,-0.551959395,129.5731496,0.029753694,0.5145292,0.344706702,12.38923791,0.343576491
796,0.313334525,-0.504113555,,,,,,
797,0.07932356,-0.571537733,,,,,,
798,0.352084935,-0.444190711,,,,,,
799,0.051137678,-0.435035527,,,,,,
800,0.415421724,-0.470386535,111.1307249,0.028767088,0.498468229,0.37359307,13.08831163,0.340237558
801,0.020547222,-0.488802731,,,,,,
802,0.024092659,-0.425983995,,,,,,
803,0.377516568,-0.474883318,,,,,,
804,0.446360618,-0.625199497,,,,,,
805,0.350567639,-0.420451522,124.6061184,0.026786445,0.484734986,0.378242079,13.56587604,0.334017485
806,-0.051991723,-0.534163237,,,,,,
807,0.134495974,-0.38633284,,,,,,
808,0.161648855,-0.604402661,,,,,,
809,0.054923482,-0.476678371,,,,,,
810,0.395902038,-0.357999146,107.1119212,0.02666817,0.506973123,0.364959918,12.87521695,0.347943962
811,0.359120637,-0.570698559,,,,,,
812,0.053428456,-0.468151748,,,,,,
813,0.349675715,-0.412379205,,,,,,
814,0.388803244,-0.344272435,,,,,,
815,0.297108412,-0.406550527,129.4456709,0.027081093,0.454090898,0.386250626,13.68943669,0.316836238
816,0.359601021,-0.579264522,,,,,,
817,0.108714968,-0.43155694,,,,,,
818,0.094045259,-0.483917445,,,,,,
819,-0.164310202,-0.543945193,,,,,,
820,0.363672584,-0.404866785,146.2487571,0.023759903,0.523519005,0.364424414,12.5740054,0.34762466
821,0.068610348,-0.504447699,,,,,,
822,0.476789743,-0.524028778,,,,,,
823,0.267858565,-0.294175893,,,,,,
824,0.298551142,-0.453558713,,,,,,
825,0.353688836,-0.588309288,142.2488568,0.028611932,0.51991784,0.360591413,12.47056976,0.354004979
826,0.361908585,-0.440331131,,,,,,
827,0.101377927,-0.626151919,,,,,,
828,0.480692595,-0.527561307,,,,,,
829,0.36000064,-0.639764667,,,,,,
830,0.222809196,-0.39717561,107.4704039,0.025518756,0.5220397,0.362093278,12.81155886,0.367001832
831,0.241354197,-0.643286884,,,,,,
832,0.237799734,-0.660726786,,,,,,
833,0.299298525,-0.45289126,,,,,,
834,0.095759019,-0.362392455,,,,,,
835,0.239646941,-0.492316216,136.8108556,0.026750792,0.499864608,0.367461757,12.94962938,0.349574447
836,0.155862927,-0.42179364,,,,,,
837,0.444573283,-0.419905305,,,,,,
838,-0.101095617,-0.34137705,,,,,,
839,0.403721035,-0.367600054,,,,,,
840,0.089663446,-0.22271274,118.6732397,0.025951104,0.469141714,0.403728891,13.65260842,0.323553056
841,0.240600735,-0.5159567,,,,,,
842,-0.146546289,-0.446506113,,,,,,
843,0.127900645,-0.475735188,,,,,,
844,0.138688833,-0.370476961,,,,,,
845,0.409974426,-0.522168636,181.0101035,0.02904303,0.491390344,0.380101044,12.9598037,0.339001358
846,0.314281732,-0.402750254,,,,,,
847,0.086698145,-0.6098032,,,,,,
848,-0.01631772,-0.462975472,,,,,,
849,0.480091453,-0.452839822,,,,,,
850,0.404216796,-0.537900567,107.6040671,0.026388243,0.496273894,0.363493344,13.38634937,0.326392114
851,0.124900952,-0.483602107,,,,,,
852,0.360014617,-0.722322822,,,,,,
853,0.363789678,-0.438129008,,,,,,
854,0.175840512,-0.584675074,,,,,,
855,-0.026820054,-0.387843579,107.7130583,0.027262632,0.520091015,0.355616002,12.86854081,0.363606393
856,0.192466468,-0.507398546,,,,,,
857,0.34232378,-0.560564041,,,,,,
858,0.246172741,-0.529480934,,,,,,
859,-0.15117304,-0.417313039,,,,,,
860,0.375893354,-0.616163254,131.6472691,0.02663493,0.475874259,0.371506635,13.54637126,0.334322393
861,0.202137008,-0.434670508,,,,,,
862,0.238234699,-0.399179816,,,,,,
863,0.330920994,-0.558591843,,,,,,
864,0.358407766,-0.448810458,,,,,,
865,0.213356271,-0.666993141,145.0105336,0.026391098,0.483971906,0.367987763,13.12520307,0.330062807
866,0.220196277,-0.293443441,,,,,,
867,0.464992821,-0.44240728,,,,,,
868,0.229298443,-0.565164328,,,,,,
869,0.429134846,-0.531896114,,,,,,
870,0.249249861,-0.268948644,130.6809552,0.024992248,0.527082037,0.360436959,12.8055314,0.351476014
871,0.371940672,-0.604645014,,,,,,
872,0.457721025,-0.513911247,,,,,,
873,0.225616738,-0.501548469,,,,,,
874,0.212195843,-0.619593084,,,,,,
875,0.276447743,-0.422676235,110.5751479,0.028700333,0.518050726,0.370914142,12.92214839,0.349533558
876,0.068159312,-0.37486282,,,,,,
877,-0.257445216,-0.37342155,,,,,,
878,-0.001459539,-0.418443173,,,,,,
879,0.289133251,-0.402098179,,,,,,
880,0.100320213,-0.445246816,127.5126287,0.026098745,0.504172823,0.358873061,12.98979385,0.338787556
881,-0.046388343,-0.511733294,,,,,,
882,0.010843678,-0.428427666,,,,,,
883,0.442286193,-0.340884894,,,,,,
884,0.195533127,-0.428473353,,,,,,
885,0.149184361,-0.360381395,120.9329955,0.028394531,0.478274392,0.38787431,13.2687046,0.316696793
886,0.122086301,-0.544996619,,,,,,
887,0.283267975,-0.332130194,,,,,,
888,0.565279186,-0.844444931,,,,,,
889,0.053348415,-0.423838764,,,,,,
890,0.203981459,-1.118541956,106.9030347,0.022196708,0.538247148,0.364244648,12.77525771,0.34931469
891,-0.200024053,-0.498342723,,,,,,
892,0.668753743,-1.264939547,,,,,,
893,0.186695218,-0.066675544,,,,,,
894,0.55860436,-0.94567585,,,,,,
895,0.114605948,-0.338481069,107.750039,0.021904243,0.512960026,0.373474299,13.14504636,0.34997943
896,0.33268699,-0.04309231,,,,,,
897,0.542166412,-1.035990477,,,,,,
898,0.485422254,-0.679628491,,,,,,
899,0.412424505,-0.268058479,,,,,,
900,0.27177614,-0.583047092,138.6767882,0.019523602,0.498597351,0.372899251,12.49714271,0.348475099
901,0.241139352,-0.171795398,,,,,,
902,0.216198862,-0.37642023,,,,,,
903,-0.345115274,-0.514148355,,,,,,
904,0.256129205,-0.066994973,,,,,,
905,0.271920472,-0.11252439,115.6956844,0.0218629,0.485395322,0.367726037,13.16990157,0.33328706
906,0.340020776,-0.86087507,,,,,,
907,0.414648116,-0.761295795,,,,,,
908,0.341167092,-0.342649043,,,,,,
909,0.033257227,-0.434273988,,,,,,
910,0.181882083,-0.633402348,131.2022312,0.021133214,0.518634374,0.365471936,12.72036233,0.341387928
911,0.121288598,-0.629118562,,,,,,
912,0.473134577,-0.174336433,,,,,,
913,-0.211548269,-0.404483676,,,,,,
914,0.019552179,-0.407818466,,,,,,
915,0.289083123,-0.11181201,125.1281821,0.021776326,0.485081273,0.391195398,13.35951939,0.325023174
916,-0.058078993,-0.028126843,,,,,,
917,-0.12593396,-0.503667235,,,,,,
918,0.573045909,-0.758749008,,,,,,
919,-0.020250842,-0.421665847,,,,,,
920,-0.041903235,-0.316629738,133.1185411,0.027502192,0.490015171,0.374409695,12.99229685,0.337365508
921,-0.136480227,-0.513843417,,,,,,
922,0.26626718,-0.237225726,,,,,,
923,0.329846174,-0.264310867,,,,,,
924,-0.054250546,-0.328874201,,,,,,
925,-0.299554586,-0.463979006,122.1019567,0.020076646,0.507305315,0.369028549,12.81995564,0.32544449
926,-0.155854911,-0.382741004,,,,,,
927,0.284524918,-0.461205065,,,,,,
928,-0.114125416,-0.336909026,,,,,,
929,0.179077208,-0.295075834,,,,,,
930,0.37640667,-0.363554955,104.2890634,0.028953472,0.489482128,0.378258296,13.5255358,0.326099187
931,0.235674381,-0.254605293,,,,,,
932,0.210828066,-0.351382732,,,,,,
933,0.035850119,-0.271328807,,,,,,
934,0.060598444,-0.268091947,,,,,,
935,-0.185395598,-0.26670441,103.0070902,0.023151513,0.482323021,0.373428555,12.89764078,0.326075822
936,0.091448426,-0.312504977,,,,,,
937,0.034778971,-0.426157832,,,,,,
938,0.041039567,-0.312922955,,,,,,
939,0.465169847,-0.377655685,,,,,,
940,0.550351083,-0.409304887,110.0283991,0.023021691,0.512519703,0.367868891,13.00285356,0.343979239
941,-0.105235308,-0.329819441,,,,,,
942,0.510058403,-0.597490191,,,,,,
943,0.22076267,-0.234710261,,,,,,
944,0.040779497,-0.380209774,,,,,,
945,0.259212673,-0.341232181,147.3954232,0.025448848,0.50847168,0.354103387,12.51274339,0.347949505
946,0.356900275,-0.376646519,,,,,,
947,0.283932149,-0.367080867,,,,,,
948,-0.028673766,-0.348828316,,,,,,
949,-0.081255771,-0.310517669,,,,,,
950,-0.075224265,-0.281141728,102.6298433,0.020495031,0.49218411,0.37989975,13.11420576,0.334297478
951,0.139232963,-0.400297105,,,,,,
952,0.01632696,-0.378816277,,,,,,
953,0.412762046,-0.514775276,,,,,,
954,0.11989554,-0.353879571,,,,,,
955,0.153422728,-0.179937452,138.3874445,0.023052432,0.511927717,0.368913833,12.73161103,0.339557678
956,0.30462566,-0.348078191,,,,,,
957,0.381527424,-0.272691667,,,,,,
958,0.253085256,-0.299550056,,,,,,
959,0.300124764,-0.244054377,,,,,,
960,-0.011599422,-0.586928189,109.6616522,0.020561855,0.477678486,0.374898555,13.39838705,0.336236119
961,0.195784256,-0.456283748,,,,,,
962,0.111419976,-0.437543392,,,,,,
963,0.297588378,-0.451034665,,,,,,
964,0.291927278,-0.25923112,,,,,,
965,0.235426396,-0.192029446,126.04655,0.021373406,0.506345947,0.370210739,13.14646256,0.335947335
966,-0.019356333,-0.537366927,,,,,,
967,0.252873659,-0.454025447,,,,,,
968,0.264188409,-0.384353042,,,,,,
969,0.134901822,-0.363517523,,,,,,
970,0.129791528,-0.373692423,132.8570225,0.022231149,0.490096838,0.384197654,13.10220019,0.336041868
971,0.101785362,-0.238555834,,,,,,
972,-0.052331872,-0.143824175,,,,,,
973,0.403097987,-0.257255286,,,,,,
974,-0.067652777,-0.527199745,,,,,,
975,0.262588829,-0.534850359,129.3366314,0.018019391,0.499071641,0.377086637,13.06554137,0.34497121
976,-0.05192738,-0.516619146,,,,,,
977,0.411785096,-0.297680467,,,,,,
978,0.380596787,-0.500175416,,,,,,
979,0.155668586,-0.275731504,,,,,,
980,0.088183112,-0.171410859,129.1132478,0.018754238,0.502945585,0.376707387,13.04190047,0.338064253
981,0.152548701,-0.215357602,,,,,,
982,-0.00813422,-0.303103,,,,,,
983,-0.161038905,-0.331901282,,,,,,
984,0.243159205,-0.348319888,,,,,,
985,0.336723804,-0.40829882,111.6365198,0.022777062,0.527428943,0.374345929,13.1774895,0.351843953
986,0.007781489,-0.368686974,,,,,,
987,0.04518982,-0.344008744,,,,,,
988,0.331946969,-0.556596458,,,,,,
989,0.036907744,-0.257464349,,,,,,
990,0.52971673,-0.40190953,112.755491,0.020575946,0.523885218,0.358871156,13.09868105,0.348112226
991,-0.155324787,-0.330690444,,,,,,
992,0.301896572,-0.278133571,,,,,,
993,0.326731563,-0.359083682,,,,,,
994,0.192318588,-0.437008262,,,,,,
995,-0.160007745,-0.251544356,167.4926849,0.01848314,0.493114641,0.38514113,13.16531271,0.335062921
996,0.167046785,-0.524049044,,,,,,
997,-0.088321246,-0.353168488,,,,,,
998,0.122697242,-0.183451891,,,,,,
999,0.364638746,-0.380004108,,,,,,
1000,0.258958578,-0.483278275,121.3759967,0.019484883,0.473026012,0.387620695,13.68327795,0.322044313
1001,0.260468572,-0.242672712,,,,,,
1002,0.255483747,-0.346032321,,,,,,
1003,0.056967031,-0.087570459,,,,,,
1004,-0.094767421,-0.236355275,,,,,,
1005,0.424937963,-0.456205219,150.2857277,0.019095408,0.489618562,0.372260367,13.13829159,0.32489109
1006,0.190101415,-0.553734779,,,,,,
1007,0.254392266,-0.3526555,,,,,,
1008,0.045463003,-0.363889664,,,,,,
1009,0.083137378,-0.541603565,,,,,,
1010,-0.005281793,-0.430375516,117.062346,0.018290233,0.504238794,0.355965289,12.99809174,0.339847028
1011,0.23935084,-0.243748605,,,,,,
1012,0.062073067,-0.431891918,,,,,,
1013,0.143439561,-0.235744089,,,,,,
1014,-0.084680557,-0.462372601,,,,,,
1015,0.027961072,-0.429824144,126.3806106,0.016710799,0.475844304,0.390774311,13.78802075,0.321676463
1016,0.351232767,-0.461348414,,,,,,
1017,0.132033899,-0.206305265,,,,,,
1018,0.254039288,-0.427835435,,,,,,
1019,0.34212321,-0.566458702,,,,,,
1020,-0.039526042,-0.356962144,114.6364159,0.018094001,0.485858725,0.388482669,13.31185944,0.315976173
1021,0.131793022,-0.444486141,,,,,,
1022,0.164783299,-0.272873282,,,,,,
1023,-0.261815488,-0.422431707,,,,,,
1024,0.050069146,-0.166703224,,,,,,
1025,0.180380061,-0.462966591,118.3616046,0.019001137,0.484845106,0.382236168,13.15191048,0.323233604
1026,-0.010473412,-0.381626964,,,,,,
1027,0.401389778,-0.328013241,,,,,,
1028,-0.223886132,-0.228280365,,,,,,
1029,-0.089203373,-0.350719631,,,,,,
1030,0.252180099,-0.425713003,131.3695478,0.018508695,0.500617357,0.369871649,12.7581686,0.334994793
1031,0.182180494,-0.417677969,,,,,,
1032,0.339822114,-0.302800536,,,,,,
1033,0.429631352,-0.426282167,,,,,,
1034,0.371783435,-0.536350131,,,,,,
1035,-0.057079505,-0.357948214,122.955087,0.017264623,0.496389322,0.367386897,13.11422459,0.340382338
1036,0.120494984,-0.355031699,,,,,,
1037,0.212245852,-0.162912592,,,,,,
1038,0.124339215,-0.524081469,,,,,,
1039,0.422201812,-0.384528428,,,,,,
1040,0.120954625,-0.398231417,112.8151722,0.019962918,0.521850141,0.373362717,12.80062044,0.339441538
1041,0.355027795,-0.046406329,,,,,,
1042,-0.059046168,-0.316500127,,,,,,
1043,0.381645262,-0.415981621,,,,,,
1044,0.202138603,-0.415673912,,,,,,
1045,0.017451765,-0.358628154,126.073701,0.016555753,0.506029437,0.369071595,12.99071188,0.349744916
1046,0.310865253,-0.198056698,,,,,,
1047,0.130526096,-0.457533509,,,,,,
1048,0.03787268,-0.275840461,,,,,,
1049,0.44645533,-0.352346897,,,,,,
1050,0.267292947,-0.692395329,118.3550429,0.018583756,0.505725318,0.36662491,13.33959634,0.34683609
1051,0.068392098,-0.249873906,,,,,,
1052,0.259397209,-0.439640999,,,,,,
1053,0.484513283,-0.482002139,,,,,,
1054,0.103773661,-0.173475951,,,,,,
1055,0.086151786,-0.269446224,118.8251358,0.016900809,0.480562406,0.378549413,13.53231712,0.338947207
1056,0.050534178,-0.332484066,,,,,,
1057,0.246581882,-0.360811174,,,,,,
1058,0.297045916,-0.344013572,,,,,,
1059,0.43233484,-0.328204215,,,,,,
1060,0.191761732,-0.432183087,110.3283011,0.016960483,0.49736196,0.36865448,13.08259084,0.322941184
1061,-0.004136356,-0.59945941,,,,,,
1062,0.567720652,-0.626181901,,,,,,
1063,0.117475286,-0.43418318,,,,,,
1064,0.014099908,-0.205791831,,,,,,
1065,0.450147182,-0.529926181,110.593417,0.016092582,0.48952736,0.38800133,13.25902118,0.342858195
1066,0.106652498,-0.098137259,,,,,,
1067,0.199499726,-0.23991996,,,,,,
1068,0.121568024,-0.257542789,,,,,,
1069,0.003765398,-0.364887804,,,,,,
1070,0.165644884,-0.484448493,108.61954,0.019861255,0.500082886,0.37285943,12.58290757,0.324808985
1071,-0.164172769,-0.284738421,,,,,,
1072,0.074052498,-0.274233282,,,,,,
1073,0.08826565,-0.472438157,,,,,,
1074,0.359795511,-0.181894615,,,,,,
1075,-0.149615705,-0.335376859,117.6245207,0.016056238,0.479985598,0.381664732,13.35071166,0.316470355
1076,0.440196633,-0.312004358,,,,,,
1077,0.094639823,-0.343500674,,,,,,
1078,0.106979981,-0.130111411,,,,,,
1079,0.189051986,-0.473124683,,,,,,
1080,0.048494995,-0.212388992,111.9001445,0.02474515,0.494512278,0.384249492,13.06892736,0.333736748
1081,0.041357152,-0.317300797,,,,,,
1082,0.104968391,-0.367801994,,,,,,
1083,0.227752596,-0.2632083,,,,,,
1084,0.420514137,-0.385599166,,,,,,
1085,0.196761534,-0.626819551,135.5492616,0.017307196,0.476039994,0.37009632,13.14369783,0.330065578
1086,-0.101299442,-0.418938905,,,,,,
1087,0.392749906,-0.401463598,,,,,,
1088,0.245450139,-0.432631075,,,,,,
1089,0.252088159,-0.46129939,,,,,,
1090,0.092279077,-0.390216321,106.5410007,0.017460074,0.502263508,0.362865589,13.09464739,0.340498984
1091,0.235617951,-0.358431727,,,,,,
1092,0.450330049,-0.473289579,,,,,,
1093,0.228952348,-0.411255598,,,,,,
1094,0.246155649,-0.320765495,,,,,,
1095,0.404450744,-0.421588898,118.7198542,0.022379911,0.485487998,0.377113033,13.39044972,0.312872946
1096,0.242401391,-0.380246043,,,,,,
1097,0.323679864,-0.00035122,,,,,,
1098,0.132935047,-0.240474135,,,,,,
1099,0.387785494,-0.499444187,,,,,,
1100,0.348306656,-0.463383347,122.8975648,0.021250011,0.498086577,0.370204705,13.35511257,0.327526242
1101,0.291207254,-0.398849189,,,,,,
1102,0.419867277,-0.38553524,,,,,,
1103,0.1991878,-0.353749007,,,,,,
1104,0.400955677,-0.543633997,,,,,,
1105,0.372832596,-0.378011793,129.0717296,0.022419346,0.493784874,0.382222899,13.42888113,0.319712758
1106,0.43762511,-0.311336488,,,,,,
1107,0.480027616,-0.450398266,,,,,,
1108,0.335495412,-0.340501785,,,,,,
1109,0.044469692,-0.552898884,,,,,,
1110,0.404787958,-0.425427407,158.5112636,0.020980565,0.499000136,0.362749152,13.33710533,0.350489676
1111,0.086137414,-0.203444064,,,,,,
1112,0.246621668,-0.512827218,,,,,,
1113,0.230461746,-0.319351435,,,,,,
1114,0.136969194,-0.343011737,,,,,,
1115,0.357085884,-0.389736056,133.9570818,0.019767735,0.505363702,0.362433235,12.84015614,0.334113836
1116,0.216514647,-0.314837039,,,,,,
1117,0.112165704,-0.317748606,,,,,,
1118,0.307629228,-0.408609152,,,,,,
1119,-0.037711464,-0.457029134,,,,,,
1120,0.068229958,-0.348999381,143.3346359,0.021433827,0.519680847,0.368727136,13.182409,0.341812015
1121,0.296689987,-0.263625354,,,,,,
1122,0.42202121,-0.261499286,,,,,,
1123,0.223689139,-0.367024004,,,,,,
1124,0.347128689,-0.388432711,,,,,,
1125,-0.049962573,-0.592205226,131.8258056,0.023233727,0.483221763,0.380752707,13.00184977,0.343528599
1126,0.311543226,-0.408894241,,,,,,
1127,0.063381657,-0.359803051,,,,,,
1128,0.249156505,-0.538996398,,,,,,
1129,0.035726361,-0.424102008,,,,,,
1130,0.344494104,-0.346169353,121.9803932,0.02360728,0.502505609,0.378435464,13.30914488,0.344781756
1131,0.464268714,-0.242272079,,,,,,
1132,0.03106959,-0.510782659,,,,,,
1133,0.291267872,-0.554413795,,,,,,
1134,0.229734927,-0.529599667,,,,,,
1135,0.259118855,-0.541589856,97.25438371,0.022853918,0.517837491,0.382573847,13.30603687,0.339353979
1136,0.013647689,-0.435836256,,,,,,
1137,0.255167961,-0.308209985,,,,,,
1138,0.059431087,-0.494295448,,,,,,
1139,0.34688282,-0.679934025,,,,,,
1140,0.343608797,-0.493861854,117.150444,0.024349898,0.502190468,0.359586609,12.79855729,0.349913359
1141,-0.000829708,-0.417276055,,,,,,
,,,,,,,,
,,,93.6253168,0.013800236,0.454090898,0.160411762,12.22160553,0.312872946
,,,680,530,815,5,465,1095
,,,235.855272,0.212502524,0.549016771,0.403728891,13.78802075,0.501077652
,,,5,5,5,840,1015,5
,,,125.981273,0.027450276,0.497165162,0.371010727,13.06762564,0.337577368
