epoch,G_loss,D_loss,kimg_acu,kimg,run_id,,
0.000797607,0.783230484,1.798730612,0.032000002,0.032000002,00000-frames_extraidos-11gb-gpu-gamma32-batch32-ada-target0.5,,
0.100498506,2.885442819,1.147760844,4.032000065,4.032000065,00000-frames_extraidos-11gb-gpu-gamma32-batch32-ada-target0.5,,
0.200199392,1.698416703,1.121785291,8.031999588,8.031999588,00000-frames_extraidos-11gb-gpu-gamma32-batch32-ada-target0.5,,
0.299900289,1.607198458,1.077286947,12.03199959,12.03199959,00000-frames_extraidos-11gb-gpu-gamma32-batch32-ada-target0.5,,
0.399601186,1.487881153,1.123970658,16.03199959,16.03199959,00000-frames_extraidos-11gb-gpu-gamma32-batch32-ada-target0.5,,
0.499302083,1.187516387,1.247531868,20.03199959,20.03199959,00000-frames_extraidos-11gb-gpu-gamma32-batch32-ada-target0.5,,
0.599002981,1.308964177,1.22116933,24.03199959,24.03199959,00000-frames_extraidos-11gb-gpu-gamma32-batch32-ada-target0.5,,
0.698703878,1.161336432,1.256724813,28.03199959,28.03199959,00000-frames_extraidos-11gb-gpu-gamma32-batch32-ada-target0.5,,
0.798404823,1.119940596,1.263229487,32.0320015,32.0320015,00000-frames_extraidos-11gb-gpu-gamma32-batch32-ada-target0.5,,
0.89810572,0.953699758,1.31785813,36.0320015,36.0320015,00000-frames_extraidos-11gb-gpu-gamma32-batch32-ada-target0.5,,
0.997806618,1.042333281,1.276899633,40.0320015,40.0320015,00000-frames_extraidos-11gb-gpu-gamma32-batch32-ada-target0.5,,
1.097507515,0.90396032,1.301557292,44.0320015,44.0320015,00000-frames_extraidos-11gb-gpu-gamma32-batch32-ada-target0.5,,
1.197208412,0.855437233,1.32935552,48.0320015,48.0320015,00000-frames_extraidos-11gb-gpu-gamma32-batch32-ada-target0.5,,
1.296909309,0.886718439,1.338708221,52.0320015,52.0320015,00000-frames_extraidos-11gb-gpu-gamma32-batch32-ada-target0.5,,
1.396610207,0.949832358,1.338938251,56.0320015,56.0320015,00000-frames_extraidos-11gb-gpu-gamma32-batch32-ada-target0.5,,
1.496311104,0.771751851,1.357681826,60.0320015,60.0320015,00000-frames_extraidos-11gb-gpu-gamma32-batch32-ada-target0.5,,
1.596011906,0.790909215,1.358794381,64.03199768,64.03199768,00000-frames_extraidos-11gb-gpu-gamma32-batch32-ada-target0.5,,
1.695712804,0.786894355,1.364606548,68.03199768,68.03199768,00000-frames_extraidos-11gb-gpu-gamma32-batch32-ada-target0.5,,
1.795413701,0.821214572,1.358431558,72.03199768,72.03199768,00000-frames_extraidos-11gb-gpu-gamma32-batch32-ada-target0.5,,
1.895114598,0.754234547,1.367076838,76.03199768,76.03199768,00000-frames_extraidos-11gb-gpu-gamma32-batch32-ada-target0.5,,
1.994815496,0.756907635,1.373869007,80.03199768,80.03199768,00000-frames_extraidos-11gb-gpu-gamma32-batch32-ada-target0.5,,
2.094516393,0.764862945,1.367847648,84.03199768,84.03199768,00000-frames_extraidos-11gb-gpu-gamma32-batch32-ada-target0.5,,
2.19421729,0.753926353,1.364495889,88.03199768,88.03199768,00000-frames_extraidos-11gb-gpu-gamma32-batch32-ada-target0.5,,
2.293918187,0.747395757,1.374902386,92.03199768,92.03199768,00000-frames_extraidos-11gb-gpu-gamma32-batch32-ada-target0.5,,
2.393619085,0.737492043,1.374569605,96.03199768,96.03199768,00000-frames_extraidos-11gb-gpu-gamma32-batch32-ada-target0.5,,
2.493319982,1.261088445,1.30731568,100.0319977,100.0319977,00000-frames_extraidos-11gb-gpu-gamma32-batch32-ada-target0.5,,
2.593020879,0.92470275,1.269120847,104.0319977,104.0319977,00000-frames_extraidos-11gb-gpu-gamma32-batch32-ada-target0.5,,
2.692721777,0.764948393,1.328443625,108.0319977,108.0319977,00000-frames_extraidos-11gb-gpu-gamma32-batch32-ada-target0.5,,
2.792422674,0.764146045,1.337450405,112.0319977,112.0319977,00000-frames_extraidos-11gb-gpu-gamma32-batch32-ada-target0.5,,
2.892123571,0.747516069,1.354801381,116.0319977,116.0319977,00000-frames_extraidos-11gb-gpu-gamma32-batch32-ada-target0.5,,
2.991824469,0.753268891,1.358638603,120.0319977,120.0319977,00000-frames_extraidos-11gb-gpu-gamma32-batch32-ada-target0.5,,
3.091525366,0.748888583,1.366518677,124.0319977,124.0319977,00000-frames_extraidos-11gb-gpu-gamma32-batch32-ada-target0.5,,
3.191226263,0.736956418,1.370612321,128.0319977,128.0319977,00000-frames_extraidos-11gb-gpu-gamma32-batch32-ada-target0.5,,
3.290927161,0.749655772,1.366164729,132.0319977,132.0319977,00000-frames_extraidos-11gb-gpu-gamma32-batch32-ada-target0.5,,
3.390628058,0.744065421,1.361812144,136.0319977,136.0319977,00000-frames_extraidos-11gb-gpu-gamma32-batch32-ada-target0.5,,
3.490328955,0.92040413,1.382038973,140.0319977,140.0319977,00000-frames_extraidos-11gb-gpu-gamma32-batch32-ada-target0.5,,
3.491126562,0.761944175,1.299673796,140.0639977,0.032000002,00001-frames_extraidos-11gb-gpu-gamma32-batch32-ada-target0.5-resumecustom,,
3.590827461,0.783655928,1.350268334,144.0639977,4.032000065,00001-frames_extraidos-11gb-gpu-gamma32-batch32-ada-target0.5-resumecustom,,
3.690528347,0.748173362,1.363911847,148.0639973,8.031999588,00001-frames_extraidos-11gb-gpu-gamma32-batch32-ada-target0.5-resumecustom,,
3.790229244,0.745855158,1.36350409,152.0639973,12.03199959,00001-frames_extraidos-11gb-gpu-gamma32-batch32-ada-target0.5-resumecustom,,
3.889930141,0.749900938,1.357007486,156.0639973,16.03199959,00001-frames_extraidos-11gb-gpu-gamma32-batch32-ada-target0.5-resumecustom,,
3.989631039,0.738405031,1.368275888,160.0639973,20.03199959,00001-frames_extraidos-11gb-gpu-gamma32-batch32-ada-target0.5-resumecustom,,
4.089331936,0.722578997,1.3770638,164.0639973,24.03199959,00001-frames_extraidos-11gb-gpu-gamma32-batch32-ada-target0.5-resumecustom,,
4.189032833,0.722877208,1.379109059,168.0639973,28.03199959,00001-frames_extraidos-11gb-gpu-gamma32-batch32-ada-target0.5-resumecustom,,
4.288733778,0.721823295,1.378756415,172.0639992,32.0320015,00001-frames_extraidos-11gb-gpu-gamma32-batch32-ada-target0.5-resumecustom,,
4.388434675,0.728087586,1.376406014,176.0639992,36.0320015,00001-frames_extraidos-11gb-gpu-gamma32-batch32-ada-target0.5-resumecustom,,
4.488135573,0.725797922,1.376878781,180.0639992,40.0320015,00001-frames_extraidos-11gb-gpu-gamma32-batch32-ada-target0.5-resumecustom,,
4.58783647,0.715304773,1.380109426,184.0639992,44.0320015,00001-frames_extraidos-11gb-gpu-gamma32-batch32-ada-target0.5-resumecustom,,
4.687537367,0.716186841,1.381644678,188.0639992,48.0320015,00001-frames_extraidos-11gb-gpu-gamma32-batch32-ada-target0.5-resumecustom,,
4.787238265,0.717377537,1.380343414,192.0639992,52.0320015,00001-frames_extraidos-11gb-gpu-gamma32-batch32-ada-target0.5-resumecustom,,
4.886939162,0.717477056,1.381379381,196.0639992,56.0320015,00001-frames_extraidos-11gb-gpu-gamma32-batch32-ada-target0.5-resumecustom,,
4.986640059,0.718140347,1.380243858,200.0639992,60.0320015,00001-frames_extraidos-11gb-gpu-gamma32-batch32-ada-target0.5-resumecustom,,
5.086340861,0.765225997,1.368385619,204.0639954,64.03199768,00001-frames_extraidos-11gb-gpu-gamma32-batch32-ada-target0.5-resumecustom,,
5.186041759,0.717609268,1.373619344,208.0639954,68.03199768,00001-frames_extraidos-11gb-gpu-gamma32-batch32-ada-target0.5-resumecustom,,
5.285742656,0.720151731,1.374271929,212.0639954,72.03199768,00001-frames_extraidos-11gb-gpu-gamma32-batch32-ada-target0.5-resumecustom,,
5.385443553,0.719443936,1.377599755,216.0639954,76.03199768,00001-frames_extraidos-11gb-gpu-gamma32-batch32-ada-target0.5-resumecustom,,
5.485144451,0.718055569,1.376518293,220.0639954,80.03199768,00001-frames_extraidos-11gb-gpu-gamma32-batch32-ada-target0.5-resumecustom,,
5.584845348,0.713137485,1.379825438,224.0639954,84.03199768,00001-frames_extraidos-11gb-gpu-gamma32-batch32-ada-target0.5-resumecustom,,
5.684546245,0.712137562,1.381156735,228.0639954,88.03199768,00001-frames_extraidos-11gb-gpu-gamma32-batch32-ada-target0.5-resumecustom,,
5.784247143,0.715897235,1.380927535,232.0639954,92.03199768,00001-frames_extraidos-11gb-gpu-gamma32-batch32-ada-target0.5-resumecustom,,
5.88394804,0.7176594,1.378700562,236.0639954,96.03199768,00001-frames_extraidos-11gb-gpu-gamma32-batch32-ada-target0.5-resumecustom,,
5.983648937,0.71788369,1.379574697,240.0639954,100.0319977,00001-frames_extraidos-11gb-gpu-gamma32-batch32-ada-target0.5-resumecustom,,
5.984446544,0.717587352,1.380700231,240.0959954,0.032000002,00002-frames_extraidos-11gb-gpu-gamma32-batch32-ada-target0.5-resumecustom,,
6.084147443,0.71861272,1.378127549,244.0959954,4.032000065,00002-frames_extraidos-11gb-gpu-gamma32-batch32-ada-target0.5-resumecustom,,
6.183848329,0.7198539,1.378257229,248.0959949,8.031999588,00002-frames_extraidos-11gb-gpu-gamma32-batch32-ada-target0.5-resumecustom,,
6.283549226,0.71956897,1.377275723,252.0959949,12.03199959,00002-frames_extraidos-11gb-gpu-gamma32-batch32-ada-target0.5-resumecustom,,
6.383250123,0.722019927,1.376763203,256.0959949,16.03199959,00002-frames_extraidos-11gb-gpu-gamma32-batch32-ada-target0.5-resumecustom,,
6.482951021,0.716677213,1.377413575,260.0959949,20.03199959,00002-frames_extraidos-11gb-gpu-gamma32-batch32-ada-target0.5-resumecustom,,
6.582651918,0.715161757,1.377181653,264.0959949,24.03199959,00002-frames_extraidos-11gb-gpu-gamma32-batch32-ada-target0.5-resumecustom,,
6.682352815,0.721137075,1.379009917,268.0959949,28.03199959,00002-frames_extraidos-11gb-gpu-gamma32-batch32-ada-target0.5-resumecustom,,
6.78205376,0.719366767,1.377304358,272.0959969,32.0320015,00002-frames_extraidos-11gb-gpu-gamma32-batch32-ada-target0.5-resumecustom,,
6.881754657,0.714864215,1.377662367,276.0959969,36.0320015,00002-frames_extraidos-11gb-gpu-gamma32-batch32-ada-target0.5-resumecustom,,
6.981455555,0.714727479,1.378208394,280.0959969,40.0320015,00002-frames_extraidos-11gb-gpu-gamma32-batch32-ada-target0.5-resumecustom,,
7.081156452,0.713587559,1.378956832,284.0959969,44.0320015,00002-frames_extraidos-11gb-gpu-gamma32-batch32-ada-target0.5-resumecustom,,
7.180857349,0.714299886,1.379652328,288.0959969,48.0320015,00002-frames_extraidos-11gb-gpu-gamma32-batch32-ada-target0.5-resumecustom,,
7.280558247,0.713708006,1.378890868,292.0959969,52.0320015,00002-frames_extraidos-11gb-gpu-gamma32-batch32-ada-target0.5-resumecustom,,
7.380259144,0.715880616,1.378352597,296.0959969,56.0320015,00002-frames_extraidos-11gb-gpu-gamma32-batch32-ada-target0.5-resumecustom,,
7.479960041,0.713589079,1.379039543,300.0959969,60.0320015,00002-frames_extraidos-11gb-gpu-gamma32-batch32-ada-target0.5-resumecustom,,
7.579660844,0.713686337,1.379157662,304.095993,64.03199768,00002-frames_extraidos-11gb-gpu-gamma32-batch32-ada-target0.5-resumecustom,,
7.679361741,0.712139649,1.379412266,308.095993,68.03199768,00002-frames_extraidos-11gb-gpu-gamma32-batch32-ada-target0.5-resumecustom,,
7.779062638,0.709452148,1.379079442,312.095993,72.03199768,00002-frames_extraidos-11gb-gpu-gamma32-batch32-ada-target0.5-resumecustom,,
7.878763535,0.710855659,1.379213153,316.095993,76.03199768,00002-frames_extraidos-11gb-gpu-gamma32-batch32-ada-target0.5-resumecustom,,
7.978464433,0.710786882,1.379481713,320.095993,80.03199768,00002-frames_extraidos-11gb-gpu-gamma32-batch32-ada-target0.5-resumecustom,,
8.07816533,0.713266675,1.379362495,324.095993,84.03199768,00002-frames_extraidos-11gb-gpu-gamma32-batch32-ada-target0.5-resumecustom,,
8.177866227,0.712012942,1.378793335,328.095993,88.03199768,00002-frames_extraidos-11gb-gpu-gamma32-batch32-ada-target0.5-resumecustom,,
8.277567125,0.713267768,1.378344391,332.095993,92.03199768,00002-frames_extraidos-11gb-gpu-gamma32-batch32-ada-target0.5-resumecustom,,
8.377268022,0.709164098,1.379438479,336.095993,96.03199768,00002-frames_extraidos-11gb-gpu-gamma32-batch32-ada-target0.5-resumecustom,,
8.476968919,0.707444345,1.379760619,340.095993,100.0319977,00002-frames_extraidos-11gb-gpu-gamma32-batch32-ada-target0.5-resumecustom,,
8.576669817,0.715071982,1.37948365,344.095993,104.0319977,00002-frames_extraidos-11gb-gpu-gamma32-batch32-ada-target0.5-resumecustom,,
8.676370714,0.711536583,1.378727159,348.095993,108.0319977,00002-frames_extraidos-11gb-gpu-gamma32-batch32-ada-target0.5-resumecustom,,
8.776071611,0.716030168,1.37825601,352.095993,112.0319977,00002-frames_extraidos-11gb-gpu-gamma32-batch32-ada-target0.5-resumecustom,,
8.875772509,0.714504722,1.377507898,356.095993,116.0319977,00002-frames_extraidos-11gb-gpu-gamma32-batch32-ada-target0.5-resumecustom,,
8.975473406,0.712430143,1.376438488,360.095993,120.0319977,00002-frames_extraidos-11gb-gpu-gamma32-batch32-ada-target0.5-resumecustom,,
9.075174303,0.71162818,1.377833482,364.095993,124.0319977,00002-frames_extraidos-11gb-gpu-gamma32-batch32-ada-target0.5-resumecustom,,
9.1748752,0.710601516,1.378340814,368.095993,128.0319977,00002-frames_extraidos-11gb-gpu-gamma32-batch32-ada-target0.5-resumecustom,,
9.274576098,0.711532954,1.377200155,372.095993,132.0319977,00002-frames_extraidos-11gb-gpu-gamma32-batch32-ada-target0.5-resumecustom,,
9.374276995,0.710724024,1.378209377,376.095993,136.0319977,00002-frames_extraidos-11gb-gpu-gamma32-batch32-ada-target0.5-resumecustom,,
9.473977892,0.708268649,1.378941433,380.095993,140.0319977,00002-frames_extraidos-11gb-gpu-gamma32-batch32-ada-target0.5-resumecustom,,
9.57367879,0.708986607,1.379382271,384.095993,144.0319977,00002-frames_extraidos-11gb-gpu-gamma32-batch32-ada-target0.5-resumecustom,,
9.574476397,0.68206501,1.378015876,384.127993,0.032000002,00003-frames_extraidos-11gb-gpu-gamma32-batch32-ada-target0.5-resumecustom,,
9.674177296,0.713524224,1.376741283,388.1279931,4.032000065,00003-frames_extraidos-11gb-gpu-gamma32-batch32-ada-target0.5-resumecustom,,
9.773878181,0.713711289,1.376531206,392.1279926,8.031999588,00003-frames_extraidos-11gb-gpu-gamma32-batch32-ada-target0.5-resumecustom,,
9.873579079,0.720461112,1.373212557,396.1279926,12.03199959,00003-frames_extraidos-11gb-gpu-gamma32-batch32-ada-target0.5-resumecustom,,
9.973279976,0.713823542,1.375679851,400.1279926,16.03199959,00003-frames_extraidos-11gb-gpu-gamma32-batch32-ada-target0.5-resumecustom,,
10.07298087,0.710713881,1.376385962,404.1279926,20.03199959,00003-frames_extraidos-11gb-gpu-gamma32-batch32-ada-target0.5-resumecustom,,
10.17268177,0.713432314,1.375452151,408.1279926,24.03199959,00003-frames_extraidos-11gb-gpu-gamma32-batch32-ada-target0.5-resumecustom,,
10.27238267,0.714456594,1.377668501,412.1279926,28.03199959,00003-frames_extraidos-11gb-gpu-gamma32-batch32-ada-target0.5-resumecustom,,
10.37208361,0.710866543,1.37627422,416.1279945,32.0320015,00003-frames_extraidos-11gb-gpu-gamma32-batch32-ada-target0.5-resumecustom,,
10.47178451,0.707823014,1.378603735,420.1279945,36.0320015,00003-frames_extraidos-11gb-gpu-gamma32-batch32-ada-target0.5-resumecustom,,
10.57148541,0.712447831,1.377234423,424.1279945,40.0320015,00003-frames_extraidos-11gb-gpu-gamma32-batch32-ada-target0.5-resumecustom,,
10.6711863,0.720449376,1.374429242,428.1279945,44.0320015,00003-frames_extraidos-11gb-gpu-gamma32-batch32-ada-target0.5-resumecustom,,
10.67198391,0.654020011,1.343698025,428.1599945,0.032000002,00005-frames_extraidos-11gb-gpu-gamma32-batch32-ada-target0.5-resumecustom,,
10.77168481,0.738731563,1.347528668,432.1599946,4.032000065,00005-frames_extraidos-11gb-gpu-gamma32-batch32-ada-target0.5-resumecustom,,
10.8713857,0.71835236,1.36336201,436.1599941,8.031999588,00005-frames_extraidos-11gb-gpu-gamma32-batch32-ada-target0.5-resumecustom,,
10.97108659,0.712514,1.370487982,440.1599941,12.03199959,00005-frames_extraidos-11gb-gpu-gamma32-batch32-ada-target0.5-resumecustom,,
11.07078749,0.711504204,1.372379264,444.1599941,16.03199959,00005-frames_extraidos-11gb-gpu-gamma32-batch32-ada-target0.5-resumecustom,,
11.17048839,0.72279925,1.369623759,448.1599941,20.03199959,00005-frames_extraidos-11gb-gpu-gamma32-batch32-ada-target0.5-resumecustom,,
11.27018929,0.71576074,1.369700759,452.1599941,24.03199959,00005-frames_extraidos-11gb-gpu-gamma32-batch32-ada-target0.5-resumecustom,,
11.36989018,0.715644632,1.372104714,456.1599941,28.03199959,00005-frames_extraidos-11gb-gpu-gamma32-batch32-ada-target0.5-resumecustom,,
11.46959113,0.71800138,1.373840947,460.159996,32.0320015,00005-frames_extraidos-11gb-gpu-gamma32-batch32-ada-target0.5-resumecustom,,
11.56929202,0.71169027,1.373126125,464.159996,36.0320015,00005-frames_extraidos-11gb-gpu-gamma32-batch32-ada-target0.5-resumecustom,,
11.66899292,0.715510682,1.371938456,468.159996,40.0320015,00005-frames_extraidos-11gb-gpu-gamma32-batch32-ada-target0.5-resumecustom,,
11.76869382,0.716966801,1.372005331,472.159996,44.0320015,00005-frames_extraidos-11gb-gpu-gamma32-batch32-ada-target0.5-resumecustom,,
11.76949143,0.658881605,1.334342003,472.191996,0.032000002,00006-frames_extraidos-11gb-gpu-gamma32-batch32-ada-target0.5-resumecustom,,
11.86919233,0.729179219,1.358856422,476.1919961,4.032000065,00006-frames_extraidos-11gb-gpu-gamma32-batch32-ada-target0.5-resumecustom,,
11.96889321,0.72318405,1.362262174,480.1919956,8.031999588,00006-frames_extraidos-11gb-gpu-gamma32-batch32-ada-target0.5-resumecustom,,
12.06859411,0.721742578,1.363998121,484.1919956,12.03199959,00006-frames_extraidos-11gb-gpu-gamma32-batch32-ada-target0.5-resumecustom,,
12.16829501,0.719711493,1.366936486,488.1919956,16.03199959,00006-frames_extraidos-11gb-gpu-gamma32-batch32-ada-target0.5-resumecustom,,
12.2679959,0.716641177,1.365513596,492.1919956,20.03199959,00006-frames_extraidos-11gb-gpu-gamma32-batch32-ada-target0.5-resumecustom,,
12.3676968,0.725166202,1.361986641,496.1919956,24.03199959,00006-frames_extraidos-11gb-gpu-gamma32-batch32-ada-target0.5-resumecustom,,
12.4673977,0.739869386,1.358027267,500.1919956,28.03199959,00006-frames_extraidos-11gb-gpu-gamma32-batch32-ada-target0.5-resumecustom,,
12.56709864,0.760475827,1.347617376,504.1919975,32.0320015,00006-frames_extraidos-11gb-gpu-gamma32-batch32-ada-target0.5-resumecustom,,
12.66679954,0.72088931,1.357425513,508.1919975,36.0320015,00006-frames_extraidos-11gb-gpu-gamma32-batch32-ada-target0.5-resumecustom,,
12.76650044,0.719873888,1.35988718,512.1919975,40.0320015,00006-frames_extraidos-11gb-gpu-gamma32-batch32-ada-target0.5-resumecustom,,
12.86620133,0.721954565,1.361660946,516.1919975,44.0320015,00006-frames_extraidos-11gb-gpu-gamma32-batch32-ada-target0.5-resumecustom,,
12.96590223,0.735681472,1.354162396,520.1919975,48.0320015,00006-frames_extraidos-11gb-gpu-gamma32-batch32-ada-target0.5-resumecustom,,
13.06560313,0.728324544,1.357147764,524.1919975,52.0320015,00006-frames_extraidos-11gb-gpu-gamma32-batch32-ada-target0.5-resumecustom,,
13.16530403,0.739306803,1.349982624,528.1919975,56.0320015,00006-frames_extraidos-11gb-gpu-gamma32-batch32-ada-target0.5-resumecustom,,
13.26500492,0.773478616,1.337592008,532.1919975,60.0320015,00006-frames_extraidos-11gb-gpu-gamma32-batch32-ada-target0.5-resumecustom,,
13.36470573,0.766590692,1.32974906,536.1919937,64.03199768,00006-frames_extraidos-11gb-gpu-gamma32-batch32-ada-target0.5-resumecustom,,
13.46440662,0.745280759,1.336921854,540.1919937,68.03199768,00006-frames_extraidos-11gb-gpu-gamma32-batch32-ada-target0.5-resumecustom,,
13.56410752,0.797585312,1.305051579,544.1919937,72.03199768,00006-frames_extraidos-11gb-gpu-gamma32-batch32-ada-target0.5-resumecustom,,
13.66380842,0.791751928,1.300303814,548.1919937,76.03199768,00006-frames_extraidos-11gb-gpu-gamma32-batch32-ada-target0.5-resumecustom,,
13.76350931,0.725294666,1.347041054,552.1919937,80.03199768,00006-frames_extraidos-11gb-gpu-gamma32-batch32-ada-target0.5-resumecustom,,
13.86321021,0.743835605,1.339136272,556.1919937,84.03199768,00006-frames_extraidos-11gb-gpu-gamma32-batch32-ada-target0.5-resumecustom,,
13.96291111,0.736144929,1.347095078,560.1919937,88.03199768,00006-frames_extraidos-11gb-gpu-gamma32-batch32-ada-target0.5-resumecustom,,
14.06261201,0.736924973,1.349353507,564.1919937,92.03199768,00006-frames_extraidos-11gb-gpu-gamma32-batch32-ada-target0.5-resumecustom,,
14.1623129,0.732157922,1.350555979,568.1919937,96.03199768,00006-frames_extraidos-11gb-gpu-gamma32-batch32-ada-target0.5-resumecustom,,
14.2620138,0.749654911,1.341077024,572.1919937,100.0319977,00006-frames_extraidos-11gb-gpu-gamma32-batch32-ada-target0.5-resumecustom,,
14.3617147,0.763008258,1.328055309,576.1919937,104.0319977,00006-frames_extraidos-11gb-gpu-gamma32-batch32-ada-target0.5-resumecustom,,
14.4614156,0.801340932,1.310798858,580.1919937,108.0319977,00006-frames_extraidos-11gb-gpu-gamma32-batch32-ada-target0.5-resumecustom,,
14.56111649,0.755324388,1.317746881,584.1919937,112.0319977,00006-frames_extraidos-11gb-gpu-gamma32-batch32-ada-target0.5-resumecustom,,
14.66081739,0.75247259,1.324589577,588.1919937,116.0319977,00006-frames_extraidos-11gb-gpu-gamma32-batch32-ada-target0.5-resumecustom,,
14.76051829,0.77733452,1.299936257,592.1919937,120.0319977,00006-frames_extraidos-11gb-gpu-gamma32-batch32-ada-target0.5-resumecustom,,
14.86021919,0.748338724,1.328296515,596.1919937,124.0319977,00006-frames_extraidos-11gb-gpu-gamma32-batch32-ada-target0.5-resumecustom,,
14.86101679,0.784318924,1.314940929,596.2239937,0.032000002,00007-frames_extraidos-11gb-gpu-gamma32-batch32-ada-target0.5-resumecustom,,
14.96071769,0.790481331,1.287473327,600.2239938,4.032000065,00007-frames_extraidos-11gb-gpu-gamma32-batch32-ada-target0.5-resumecustom,,
15.06041858,0.816187076,1.269919294,604.2239933,8.031999588,00007-frames_extraidos-11gb-gpu-gamma32-batch32-ada-target0.5-resumecustom,,
15.16011947,0.772500077,1.29151855,608.2239933,12.03199959,00007-frames_extraidos-11gb-gpu-gamma32-batch32-ada-target0.5-resumecustom,,
15.25982037,0.837010752,1.25622462,612.2239933,16.03199959,00007-frames_extraidos-11gb-gpu-gamma32-batch32-ada-target0.5-resumecustom,,
15.35952127,0.857462495,1.243954402,616.2239933,20.03199959,00007-frames_extraidos-11gb-gpu-gamma32-batch32-ada-target0.5-resumecustom,,
15.45922217,0.817353212,1.256783282,620.2239933,24.03199959,00007-frames_extraidos-11gb-gpu-gamma32-batch32-ada-target0.5-resumecustom,,
15.55892306,0.814410195,1.255918672,624.2239933,28.03199959,00007-frames_extraidos-11gb-gpu-gamma32-batch32-ada-target0.5-resumecustom,,
15.65862401,0.806274606,1.270126456,628.2239952,32.0320015,00007-frames_extraidos-11gb-gpu-gamma32-batch32-ada-target0.5-resumecustom,,
15.75832491,0.838539925,1.262379181,632.2239952,36.0320015,00007-frames_extraidos-11gb-gpu-gamma32-batch32-ada-target0.5-resumecustom,,
15.8580258,0.791067451,1.274885526,636.2239952,40.0320015,00007-frames_extraidos-11gb-gpu-gamma32-batch32-ada-target0.5-resumecustom,,
15.9577267,0.846020383,1.230611684,640.2239952,44.0320015,00007-frames_extraidos-11gb-gpu-gamma32-batch32-ada-target0.5-resumecustom,,
16.0574276,0.84512288,1.239346472,644.2239952,48.0320015,00007-frames_extraidos-11gb-gpu-gamma32-batch32-ada-target0.5-resumecustom,,
16.15712849,0.846963102,1.238402267,648.2239952,52.0320015,00007-frames_extraidos-11gb-gpu-gamma32-batch32-ada-target0.5-resumecustom,,
16.25682939,0.845723326,1.218434936,652.2239952,56.0320015,00007-frames_extraidos-11gb-gpu-gamma32-batch32-ada-target0.5-resumecustom,,
16.35653029,0.820900491,1.239623621,656.2239952,60.0320015,00007-frames_extraidos-11gb-gpu-gamma32-batch32-ada-target0.5-resumecustom,,
16.45623109,0.806688173,1.260354271,660.2239914,64.03199768,00007-frames_extraidos-11gb-gpu-gamma32-batch32-ada-target0.5-resumecustom,,
16.55593199,0.856518583,1.22588097,664.2239914,68.03199768,00007-frames_extraidos-11gb-gpu-gamma32-batch32-ada-target0.5-resumecustom,,
16.65563289,0.792479046,1.273990431,668.2239914,72.03199768,00007-frames_extraidos-11gb-gpu-gamma32-batch32-ada-target0.5-resumecustom,,
16.75533378,0.810082907,1.257499045,672.2239914,76.03199768,00007-frames_extraidos-11gb-gpu-gamma32-batch32-ada-target0.5-resumecustom,,
16.85503468,0.815338223,1.248278841,676.2239914,80.03199768,00007-frames_extraidos-11gb-gpu-gamma32-batch32-ada-target0.5-resumecustom,,
16.95473558,0.849940189,1.232862699,680.2239914,84.03199768,00007-frames_extraidos-11gb-gpu-gamma32-batch32-ada-target0.5-resumecustom,,
17.05443648,0.933255952,1.17952564,684.2239914,88.03199768,00007-frames_extraidos-11gb-gpu-gamma32-batch32-ada-target0.5-resumecustom,,
17.15413737,0.764609645,1.285024236,688.2239914,92.03199768,00007-frames_extraidos-11gb-gpu-gamma32-batch32-ada-target0.5-resumecustom,,
17.25383827,0.828321933,1.246281281,692.2239914,96.03199768,00007-frames_extraidos-11gb-gpu-gamma32-batch32-ada-target0.5-resumecustom,,
17.35353917,0.772198148,1.28410334,696.2239914,100.0319977,00007-frames_extraidos-11gb-gpu-gamma32-batch32-ada-target0.5-resumecustom,,
17.45324006,0.819104658,1.248282572,700.2239914,104.0319977,00007-frames_extraidos-11gb-gpu-gamma32-batch32-ada-target0.5-resumecustom,,
17.55294096,0.810227651,1.254643264,704.2239914,108.0319977,00007-frames_extraidos-11gb-gpu-gamma32-batch32-ada-target0.5-resumecustom,,
17.65264186,0.892908573,1.205624018,708.2239914,112.0319977,00007-frames_extraidos-11gb-gpu-gamma32-batch32-ada-target0.5-resumecustom,,
17.75234276,0.794872299,1.264667495,712.2239914,116.0319977,00007-frames_extraidos-11gb-gpu-gamma32-batch32-ada-target0.5-resumecustom,,
17.85204365,0.819610671,1.248122243,716.2239914,120.0319977,00007-frames_extraidos-11gb-gpu-gamma32-batch32-ada-target0.5-resumecustom,,
17.95174455,0.843784449,1.22275622,720.2239914,124.0319977,00007-frames_extraidos-11gb-gpu-gamma32-batch32-ada-target0.5-resumecustom,,
18.05144545,0.797775893,1.260447702,724.2239914,128.0319977,00007-frames_extraidos-11gb-gpu-gamma32-batch32-ada-target0.5-resumecustom,,
18.15114635,0.796606818,1.26146272,728.2239914,132.0319977,00007-frames_extraidos-11gb-gpu-gamma32-batch32-ada-target0.5-resumecustom,,
18.25084724,0.840906497,1.229002026,732.2239914,136.0319977,00007-frames_extraidos-11gb-gpu-gamma32-batch32-ada-target0.5-resumecustom,,
18.25164485,0.682514668,1.315395236,732.2559914,0.032000002,00009-frames_extraidos-11gb-gpu-gamma32-batch32-ada-target0.5-resumecustom,,
18.35134575,0.96520434,1.109658488,736.2559915,4.032000065,00009-frames_extraidos-11gb-gpu-gamma32-batch32-ada-target0.5-resumecustom,,
18.45104663,0.844256046,1.195064244,740.255991,8.031999588,00009-frames_extraidos-11gb-gpu-gamma32-batch32-ada-target0.5-resumecustom,,
18.55074753,0.890438199,1.169449253,744.255991,12.03199959,00009-frames_extraidos-11gb-gpu-gamma32-batch32-ada-target0.5-resumecustom,,
18.65044843,0.867335697,1.187236498,748.255991,16.03199959,00009-frames_extraidos-11gb-gpu-gamma32-batch32-ada-target0.5-resumecustom,,
18.75014933,0.854192022,1.20695101,752.255991,20.03199959,00009-frames_extraidos-11gb-gpu-gamma32-batch32-ada-target0.5-resumecustom,,
18.84985022,0.837844241,1.227100582,756.255991,24.03199959,00009-frames_extraidos-11gb-gpu-gamma32-batch32-ada-target0.5-resumecustom,,
18.94955112,0.842923304,1.230181685,760.255991,28.03199959,00009-frames_extraidos-11gb-gpu-gamma32-batch32-ada-target0.5-resumecustom,,
19.04925207,0.843185451,1.221812601,764.2559929,32.0320015,00009-frames_extraidos-11gb-gpu-gamma32-batch32-ada-target0.5-resumecustom,,
19.14895296,0.849892614,1.215144785,768.2559929,36.0320015,00009-frames_extraidos-11gb-gpu-gamma32-batch32-ada-target0.5-resumecustom,,
19.24865386,0.813052641,1.247148204,772.2559929,40.0320015,00009-frames_extraidos-11gb-gpu-gamma32-batch32-ada-target0.5-resumecustom,,
19.34835476,0.842061639,1.225955943,776.2559929,44.0320015,00009-frames_extraidos-11gb-gpu-gamma32-batch32-ada-target0.5-resumecustom,,
19.34915237,1.057823539,1.079457164,776.2879929,0.032000002,00010-frames_extraidos-11gb-gpu-gamma32-batch32-ada-target0.5-resumecustom,,
19.44885326,1.040582714,1.05591512,780.287993,4.032000065,00010-frames_extraidos-11gb-gpu-gamma32-batch32-ada-target0.5-resumecustom,,
19.54855415,0.911121636,1.125777458,784.2879925,8.031999588,00010-frames_extraidos-11gb-gpu-gamma32-batch32-ada-target0.5-resumecustom,,
19.64825505,0.86900555,1.179633916,788.2879925,12.03199959,00010-frames_extraidos-11gb-gpu-gamma32-batch32-ada-target0.5-resumecustom,,
19.74795594,0.867635139,1.191241529,792.2879925,16.03199959,00010-frames_extraidos-11gb-gpu-gamma32-batch32-ada-target0.5-resumecustom,,
19.84765684,0.911073314,1.155512052,796.2879925,20.03199959,00010-frames_extraidos-11gb-gpu-gamma32-batch32-ada-target0.5-resumecustom,,
19.94735774,0.837880161,1.218143948,800.2879925,24.03199959,00010-frames_extraidos-11gb-gpu-gamma32-batch32-ada-target0.5-resumecustom,,
20.04705864,0.858282131,1.204868428,804.2879925,28.03199959,00010-frames_extraidos-11gb-gpu-gamma32-batch32-ada-target0.5-resumecustom,,
20.14675958,0.819874595,1.229038051,808.2879944,32.0320015,00010-frames_extraidos-11gb-gpu-gamma32-batch32-ada-target0.5-resumecustom,,
20.24646048,0.976476658,1.12589377,812.2879944,36.0320015,00010-frames_extraidos-11gb-gpu-gamma32-batch32-ada-target0.5-resumecustom,,
20.34616138,0.813415204,1.240243174,816.2879944,40.0320015,00010-frames_extraidos-11gb-gpu-gamma32-batch32-ada-target0.5-resumecustom,,
20.44586227,0.882138451,1.184806121,820.2879944,44.0320015,00010-frames_extraidos-11gb-gpu-gamma32-batch32-ada-target0.5-resumecustom,,
20.54556317,0.848175147,1.214571732,824.2879944,48.0320015,00010-frames_extraidos-11gb-gpu-gamma32-batch32-ada-target0.5-resumecustom,,
20.64526407,0.81083448,1.250955231,828.2879944,52.0320015,00010-frames_extraidos-11gb-gpu-gamma32-batch32-ada-target0.5-resumecustom,,
20.74496496,0.916322544,1.168964591,832.2879944,56.0320015,00010-frames_extraidos-11gb-gpu-gamma32-batch32-ada-target0.5-resumecustom,,
20.84466586,0.807454394,1.239402447,836.2879944,60.0320015,00010-frames_extraidos-11gb-gpu-gamma32-batch32-ada-target0.5-resumecustom,,
20.94436666,0.82493664,1.226316616,840.2879906,64.03199768,00010-frames_extraidos-11gb-gpu-gamma32-batch32-ada-target0.5-resumecustom,,
21.04406756,0.881966585,1.192320228,844.2879906,68.03199768,00010-frames_extraidos-11gb-gpu-gamma32-batch32-ada-target0.5-resumecustom,,
21.14376846,0.803323239,1.246702106,848.2879906,72.03199768,00010-frames_extraidos-11gb-gpu-gamma32-batch32-ada-target0.5-resumecustom,,
21.24346936,0.785348933,1.255465601,852.2879906,76.03199768,00010-frames_extraidos-11gb-gpu-gamma32-batch32-ada-target0.5-resumecustom,,
21.34317025,0.900038663,1.170198726,856.2879906,80.03199768,00010-frames_extraidos-11gb-gpu-gamma32-batch32-ada-target0.5-resumecustom,,
21.44287115,0.878012243,1.181798211,860.2879906,84.03199768,00010-frames_extraidos-11gb-gpu-gamma32-batch32-ada-target0.5-resumecustom,,
21.54257205,0.844445807,1.203943654,864.2879906,88.03199768,00010-frames_extraidos-11gb-gpu-gamma32-batch32-ada-target0.5-resumecustom,,
21.64227295,0.814591602,1.230959556,868.2879906,92.03199768,00010-frames_extraidos-11gb-gpu-gamma32-batch32-ada-target0.5-resumecustom,,
21.74197384,0.902097715,1.162501425,872.2879906,96.03199768,00010-frames_extraidos-11gb-gpu-gamma32-batch32-ada-target0.5-resumecustom,,
21.84167474,0.812918754,1.228445115,876.2879906,100.0319977,00010-frames_extraidos-11gb-gpu-gamma32-batch32-ada-target0.5-resumecustom,,
21.94137564,0.88708891,1.183074219,880.2879906,104.0319977,00010-frames_extraidos-11gb-gpu-gamma32-batch32-ada-target0.5-resumecustom,,
22.04107653,0.893152803,1.167408065,884.2879906,108.0319977,00010-frames_extraidos-11gb-gpu-gamma32-batch32-ada-target0.5-resumecustom,,
22.14077743,0.857930835,1.198077025,888.2879906,112.0319977,00010-frames_extraidos-11gb-gpu-gamma32-batch32-ada-target0.5-resumecustom,,
22.24047833,0.839048189,1.205517028,892.2879906,116.0319977,00010-frames_extraidos-11gb-gpu-gamma32-batch32-ada-target0.5-resumecustom,,
22.34017923,0.908893434,1.150269906,896.2879906,120.0319977,00010-frames_extraidos-11gb-gpu-gamma32-batch32-ada-target0.5-resumecustom,,
22.43988012,0.834113298,1.220914298,900.2879906,124.0319977,00010-frames_extraidos-11gb-gpu-gamma32-batch32-ada-target0.5-resumecustom,,
22.53958102,0.855917088,1.200014313,904.2879906,128.0319977,00010-frames_extraidos-11gb-gpu-gamma32-batch32-ada-target0.5-resumecustom,,
22.63928192,0.871378356,1.188135087,908.2879906,132.0319977,00010-frames_extraidos-11gb-gpu-gamma32-batch32-ada-target0.5-resumecustom,,
22.73898282,1.036536904,1.060060601,912.2879906,136.0319977,00010-frames_extraidos-11gb-gpu-gamma32-batch32-ada-target0.5-resumecustom,,
22.83868371,0.931596672,1.103278255,916.2879906,140.0319977,00010-frames_extraidos-11gb-gpu-gamma32-batch32-ada-target0.5-resumecustom,,
22.83948132,0.896151423,1.036236286,916.3199906,0.032000002,00011-frames_extraidos-11gb-gpu-gamma32-batch32-ada-target0.5-resumecustom,,
22.93918222,1.353321701,0.791404187,920.3199906,4.032000065,00011-frames_extraidos-11gb-gpu-gamma32-batch32-ada-target0.5-resumecustom,,
23.0388831,1.14564655,0.883500545,924.3199902,8.031999588,00011-frames_extraidos-11gb-gpu-gamma32-batch32-ada-target0.5-resumecustom,,
23.138584,1.09244709,0.928897564,928.3199902,12.03199959,00011-frames_extraidos-11gb-gpu-gamma32-batch32-ada-target0.5-resumecustom,,
23.2382849,1.235915664,0.869764845,932.3199902,16.03199959,00011-frames_extraidos-11gb-gpu-gamma32-batch32-ada-target0.5-resumecustom,,
23.3379858,1.079824308,0.960596497,936.3199902,20.03199959,00011-frames_extraidos-11gb-gpu-gamma32-batch32-ada-target0.5-resumecustom,,
23.43768669,1.04825127,0.983583339,940.3199902,24.03199959,00011-frames_extraidos-11gb-gpu-gamma32-batch32-ada-target0.5-resumecustom,,
23.53738759,1.060266838,0.990022521,944.3199902,28.03199959,00011-frames_extraidos-11gb-gpu-gamma32-batch32-ada-target0.5-resumecustom,,
23.63708854,0.992390765,1.04156028,948.3199921,32.0320015,00011-frames_extraidos-11gb-gpu-gamma32-batch32-ada-target0.5-resumecustom,,
23.73678943,0.975843472,1.072004847,952.3199921,36.0320015,00011-frames_extraidos-11gb-gpu-gamma32-batch32-ada-target0.5-resumecustom,,
23.83649033,0.950109823,1.092969916,956.3199921,40.0320015,00011-frames_extraidos-11gb-gpu-gamma32-batch32-ada-target0.5-resumecustom,,
23.93619123,0.980949973,1.065544199,960.3199921,44.0320015,00011-frames_extraidos-11gb-gpu-gamma32-batch32-ada-target0.5-resumecustom,,
24.03589213,0.96672853,1.083420148,964.3199921,48.0320015,00011-frames_extraidos-11gb-gpu-gamma32-batch32-ada-target0.5-resumecustom,,
24.13559302,0.926817484,1.102745992,968.3199921,52.0320015,00011-frames_extraidos-11gb-gpu-gamma32-batch32-ada-target0.5-resumecustom,,
24.23529392,0.937390534,1.105186166,972.3199921,56.0320015,00011-frames_extraidos-11gb-gpu-gamma32-batch32-ada-target0.5-resumecustom,,
24.33499482,0.927914601,1.109227086,976.3199921,60.0320015,00011-frames_extraidos-11gb-gpu-gamma32-batch32-ada-target0.5-resumecustom,,
24.43469562,0.929814573,1.109947934,980.3199883,64.03199768,00011-frames_extraidos-11gb-gpu-gamma32-batch32-ada-target0.5-resumecustom,,
24.53439652,0.907112471,1.118787475,984.3199883,68.03199768,00011-frames_extraidos-11gb-gpu-gamma32-batch32-ada-target0.5-resumecustom,,
24.63409741,0.961682863,1.081199298,988.3199883,72.03199768,00011-frames_extraidos-11gb-gpu-gamma32-batch32-ada-target0.5-resumecustom,,
24.73379831,0.906527647,1.117935654,992.3199883,76.03199768,00011-frames_extraidos-11gb-gpu-gamma32-batch32-ada-target0.5-resumecustom,,
24.83349921,0.953774307,1.103913942,996.3199883,80.03199768,00011-frames_extraidos-11gb-gpu-gamma32-batch32-ada-target0.5-resumecustom,,
24.93320011,0.927156399,1.108022397,1000.319988,84.03199768,00011-frames_extraidos-11gb-gpu-gamma32-batch32-ada-target0.5-resumecustom,,
25.032901,0.959396377,1.086923314,1004.319988,88.03199768,00011-frames_extraidos-11gb-gpu-gamma32-batch32-ada-target0.5-resumecustom,,
25.1326019,0.926637527,1.117641307,1008.319988,92.03199768,00011-frames_extraidos-11gb-gpu-gamma32-batch32-ada-target0.5-resumecustom,,
25.2323028,0.927368447,1.116429934,1012.319988,96.03199768,00011-frames_extraidos-11gb-gpu-gamma32-batch32-ada-target0.5-resumecustom,,
25.3320037,0.905791638,1.127513546,1016.319988,100.0319977,00011-frames_extraidos-11gb-gpu-gamma32-batch32-ada-target0.5-resumecustom,,
25.43170459,0.871883205,1.15434855,1020.319988,104.0319977,00011-frames_extraidos-11gb-gpu-gamma32-batch32-ada-target0.5-resumecustom,,
25.53140549,0.889930518,1.150985265,1024.319988,108.0319977,00011-frames_extraidos-11gb-gpu-gamma32-batch32-ada-target0.5-resumecustom,,
25.63110639,0.896042562,1.137173853,1028.319988,112.0319977,00011-frames_extraidos-11gb-gpu-gamma32-batch32-ada-target0.5-resumecustom,,
25.73080728,0.884414723,1.149641807,1032.319988,116.0319977,00011-frames_extraidos-11gb-gpu-gamma32-batch32-ada-target0.5-resumecustom,,
25.83050818,0.881132841,1.160963954,1036.319988,120.0319977,00011-frames_extraidos-11gb-gpu-gamma32-batch32-ada-target0.5-resumecustom,,
25.93020908,0.854330317,1.166708365,1040.319988,124.0319977,00011-frames_extraidos-11gb-gpu-gamma32-batch32-ada-target0.5-resumecustom,,
26.02990998,0.868168967,1.165422684,1044.319988,128.0319977,00011-frames_extraidos-11gb-gpu-gamma32-batch32-ada-target0.5-resumecustom,,
26.12961087,0.837838273,1.183193854,1048.319988,132.0319977,00011-frames_extraidos-11gb-gpu-gamma32-batch32-ada-target0.5-resumecustom,,
26.22931177,0.881196481,1.157317777,1052.319988,136.0319977,00011-frames_extraidos-11gb-gpu-gamma32-batch32-ada-target0.5-resumecustom,,
26.32901267,0.859284726,1.175917394,1056.319988,140.0319977,00011-frames_extraidos-11gb-gpu-gamma32-batch32-ada-target0.5-resumecustom,,
26.32981028,0.947313786,1.00474906,1056.351988,0.032000002,00012-frames_extraidos-11gb-gpu-gamma32-batch32-ada-target0.5-resumecustom,,
26.42951117,1.470530931,0.744522695,1060.351988,4.032000065,00012-frames_extraidos-11gb-gpu-gamma32-batch32-ada-target0.5-resumecustom,,
26.52921206,1.194124128,0.871204178,1064.351988,8.031999588,00012-frames_extraidos-11gb-gpu-gamma32-batch32-ada-target0.5-resumecustom,,
26.62891296,1.06579907,0.956726672,1068.351988,12.03199959,00012-frames_extraidos-11gb-gpu-gamma32-batch32-ada-target0.5-resumecustom,,
26.72861385,1.147962439,0.919260847,1072.351988,16.03199959,00012-frames_extraidos-11gb-gpu-gamma32-batch32-ada-target0.5-resumecustom,,
26.82831475,1.050241488,0.963078665,1076.351988,20.03199959,00012-frames_extraidos-11gb-gpu-gamma32-batch32-ada-target0.5-resumecustom,,
26.92801565,1.101327256,0.948425624,1080.351988,24.03199959,00012-frames_extraidos-11gb-gpu-gamma32-batch32-ada-target0.5-resumecustom,,
27.02771655,0.960573497,1.036645506,1084.351988,28.03199959,00012-frames_extraidos-11gb-gpu-gamma32-batch32-ada-target0.5-resumecustom,,
27.12741749,0.927890103,1.079681449,1088.35199,32.0320015,00012-frames_extraidos-11gb-gpu-gamma32-batch32-ada-target0.5-resumecustom,,
27.22711839,0.916706378,1.101866503,1092.35199,36.0320015,00012-frames_extraidos-11gb-gpu-gamma32-batch32-ada-target0.5-resumecustom,,
27.32681929,0.94832589,1.081358494,1096.35199,40.0320015,00012-frames_extraidos-11gb-gpu-gamma32-batch32-ada-target0.5-resumecustom,,
27.42652018,0.899521719,1.105924945,1100.35199,44.0320015,00012-frames_extraidos-11gb-gpu-gamma32-batch32-ada-target0.5-resumecustom,,
27.52622108,0.931432571,1.105539379,1104.35199,48.0320015,00012-frames_extraidos-11gb-gpu-gamma32-batch32-ada-target0.5-resumecustom,,
27.62592198,0.897313552,1.114464823,1108.35199,52.0320015,00012-frames_extraidos-11gb-gpu-gamma32-batch32-ada-target0.5-resumecustom,,
27.72562288,0.879276505,1.132520644,1112.35199,56.0320015,00012-frames_extraidos-11gb-gpu-gamma32-batch32-ada-target0.5-resumecustom,,
27.82532377,0.891114868,1.1266963,1116.35199,60.0320015,00012-frames_extraidos-11gb-gpu-gamma32-batch32-ada-target0.5-resumecustom,,
27.92502457,0.875872039,1.151582232,1120.351986,64.03199768,00012-frames_extraidos-11gb-gpu-gamma32-batch32-ada-target0.5-resumecustom,,
28.02472547,0.853825346,1.158026248,1124.351986,68.03199768,00012-frames_extraidos-11gb-gpu-gamma32-batch32-ada-target0.5-resumecustom,,
28.12442637,0.909439878,1.140785354,1128.351986,72.03199768,00012-frames_extraidos-11gb-gpu-gamma32-batch32-ada-target0.5-resumecustom,,
28.22412727,0.83859334,1.179553328,1132.351986,76.03199768,00012-frames_extraidos-11gb-gpu-gamma32-batch32-ada-target0.5-resumecustom,,
28.32382816,0.879070943,1.147147748,1136.351986,80.03199768,00012-frames_extraidos-11gb-gpu-gamma32-batch32-ada-target0.5-resumecustom,,
28.42352906,0.871262026,1.158248788,1140.351986,84.03199768,00012-frames_extraidos-11gb-gpu-gamma32-batch32-ada-target0.5-resumecustom,,
28.52322996,0.880869199,1.152431517,1144.351986,88.03199768,00012-frames_extraidos-11gb-gpu-gamma32-batch32-ada-target0.5-resumecustom,,
28.62293086,0.848184457,1.17027671,1148.351986,92.03199768,00012-frames_extraidos-11gb-gpu-gamma32-batch32-ada-target0.5-resumecustom,,
28.72263175,0.846272047,1.183322611,1152.351986,96.03199768,00012-frames_extraidos-11gb-gpu-gamma32-batch32-ada-target0.5-resumecustom,,
28.82233265,0.841155297,1.191582259,1156.351986,100.0319977,00012-frames_extraidos-11gb-gpu-gamma32-batch32-ada-target0.5-resumecustom,,
28.92203355,0.870839585,1.16980983,1160.351986,104.0319977,00012-frames_extraidos-11gb-gpu-gamma32-batch32-ada-target0.5-resumecustom,,
29.02173444,0.825513757,1.189225845,1164.351986,108.0319977,00012-frames_extraidos-11gb-gpu-gamma32-batch32-ada-target0.5-resumecustom,,
29.12143534,0.832597244,1.196855277,1168.351986,112.0319977,00012-frames_extraidos-11gb-gpu-gamma32-batch32-ada-target0.5-resumecustom,,
29.22113624,0.824875162,1.197792643,1172.351986,116.0319977,00012-frames_extraidos-11gb-gpu-gamma32-batch32-ada-target0.5-resumecustom,,
29.32083714,0.828824156,1.206945148,1176.351986,120.0319977,00012-frames_extraidos-11gb-gpu-gamma32-batch32-ada-target0.5-resumecustom,,
29.42053803,0.812129785,1.209344264,1180.351986,124.0319977,00012-frames_extraidos-11gb-gpu-gamma32-batch32-ada-target0.5-resumecustom,,
29.52023893,0.818489274,1.217166418,1184.351986,128.0319977,00012-frames_extraidos-11gb-gpu-gamma32-batch32-ada-target0.5-resumecustom,,
29.61993983,0.807357984,1.214732235,1188.351986,132.0319977,00012-frames_extraidos-11gb-gpu-gamma32-batch32-ada-target0.5-resumecustom,,
29.71964073,0.819084184,1.215955444,1192.351986,136.0319977,00012-frames_extraidos-11gb-gpu-gamma32-batch32-ada-target0.5-resumecustom,,
29.81934162,0.815389608,1.217593663,1196.351986,140.0319977,00012-frames_extraidos-11gb-gpu-gamma32-batch32-ada-target0.5-resumecustom,,
29.82013923,0.905280471,1.053797007,1196.383986,0.032000002,00013-frames_extraidos-11gb-gpu-gamma32-batch32-ada-target0.5-resumecustom,,
29.91984013,1.51188413,0.770251701,1200.383986,4.032000065,00013-frames_extraidos-11gb-gpu-gamma32-batch32-ada-target0.5-resumecustom,,
30.01954101,1.068815011,0.957254734,1204.383986,8.031999588,00013-frames_extraidos-11gb-gpu-gamma32-batch32-ada-target0.5-resumecustom,,
30.11924191,1.129084005,0.926028367,1208.383986,12.03199959,00013-frames_extraidos-11gb-gpu-gamma32-batch32-ada-target0.5-resumecustom,,
30.21894281,1.049307218,0.971732052,1212.383986,16.03199959,00013-frames_extraidos-11gb-gpu-gamma32-batch32-ada-target0.5-resumecustom,,
30.31864371,1.020340862,0.983120265,1216.383986,20.03199959,00013-frames_extraidos-11gb-gpu-gamma32-batch32-ada-target0.5-resumecustom,,
30.4183446,1.059741818,0.967592652,1220.383986,24.03199959,00013-frames_extraidos-11gb-gpu-gamma32-batch32-ada-target0.5-resumecustom,,
30.5180455,0.975588712,1.030090956,1224.383986,28.03199959,00013-frames_extraidos-11gb-gpu-gamma32-batch32-ada-target0.5-resumecustom,,
30.61774645,0.974973945,1.033671125,1228.383987,32.0320015,00013-frames_extraidos-11gb-gpu-gamma32-batch32-ada-target0.5-resumecustom,,
30.71744734,0.947577768,1.065405427,1232.383987,36.0320015,00013-frames_extraidos-11gb-gpu-gamma32-batch32-ada-target0.5-resumecustom,,
30.81714824,0.914195256,1.088536781,1236.383987,40.0320015,00013-frames_extraidos-11gb-gpu-gamma32-batch32-ada-target0.5-resumecustom,,
30.91684914,0.904973228,1.102038824,1240.383987,44.0320015,00013-frames_extraidos-11gb-gpu-gamma32-batch32-ada-target0.5-resumecustom,,
31.01655004,0.918239872,1.099044231,1244.383987,48.0320015,00013-frames_extraidos-11gb-gpu-gamma32-batch32-ada-target0.5-resumecustom,,
31.11625093,0.897276349,1.108892851,1248.383987,52.0320015,00013-frames_extraidos-11gb-gpu-gamma32-batch32-ada-target0.5-resumecustom,,
31.21595183,0.903252934,1.112481215,1252.383987,56.0320015,00013-frames_extraidos-11gb-gpu-gamma32-batch32-ada-target0.5-resumecustom,,
31.31565273,0.880251728,1.122511621,1256.383987,60.0320015,00013-frames_extraidos-11gb-gpu-gamma32-batch32-ada-target0.5-resumecustom,,
31.41535353,0.886810239,1.134479834,1260.383984,64.03199768,00013-frames_extraidos-11gb-gpu-gamma32-batch32-ada-target0.5-resumecustom,,
31.51505443,0.858385561,1.152231157,1264.383984,68.03199768,00013-frames_extraidos-11gb-gpu-gamma32-batch32-ada-target0.5-resumecustom,,
31.61475532,0.86540802,1.14999356,1268.383984,72.03199768,00013-frames_extraidos-11gb-gpu-gamma32-batch32-ada-target0.5-resumecustom,,
31.71445622,0.835698468,1.188284644,1272.383984,76.03199768,00013-frames_extraidos-11gb-gpu-gamma32-batch32-ada-target0.5-resumecustom,,
31.81415712,0.863860106,1.155601489,1276.383984,80.03199768,00013-frames_extraidos-11gb-gpu-gamma32-batch32-ada-target0.5-resumecustom,,
31.91385802,0.869964088,1.145625985,1280.383984,84.03199768,00013-frames_extraidos-11gb-gpu-gamma32-batch32-ada-target0.5-resumecustom,,
32.01355891,0.877676618,1.158701442,1284.383984,88.03199768,00013-frames_extraidos-11gb-gpu-gamma32-batch32-ada-target0.5-resumecustom,,
32.11325981,0.852092005,1.153914927,1288.383984,92.03199768,00013-frames_extraidos-11gb-gpu-gamma32-batch32-ada-target0.5-resumecustom,,
32.21296071,0.846081897,1.178021369,1292.383984,96.03199768,00013-frames_extraidos-11gb-gpu-gamma32-batch32-ada-target0.5-resumecustom,,
32.31266161,0.835784236,1.18359222,1296.383984,100.0319977,00013-frames_extraidos-11gb-gpu-gamma32-batch32-ada-target0.5-resumecustom,,
32.4123625,0.822094432,1.200116522,1300.383984,104.0319977,00013-frames_extraidos-11gb-gpu-gamma32-batch32-ada-target0.5-resumecustom,,
32.5120634,0.816039322,1.209603763,1304.383984,108.0319977,00013-frames_extraidos-11gb-gpu-gamma32-batch32-ada-target0.5-resumecustom,,
32.6117643,0.856452051,1.184257834,1308.383984,112.0319977,00013-frames_extraidos-11gb-gpu-gamma32-batch32-ada-target0.5-resumecustom,,
32.71146519,0.838040197,1.182642325,1312.383984,116.0319977,00013-frames_extraidos-11gb-gpu-gamma32-batch32-ada-target0.5-resumecustom,,
32.81116609,0.816265084,1.20591988,1316.383984,120.0319977,00013-frames_extraidos-11gb-gpu-gamma32-batch32-ada-target0.5-resumecustom,,
32.91086699,0.817302506,1.200508286,1320.383984,124.0319977,00013-frames_extraidos-11gb-gpu-gamma32-batch32-ada-target0.5-resumecustom,,
33.01056789,0.829590311,1.201817225,1324.383984,128.0319977,00013-frames_extraidos-11gb-gpu-gamma32-batch32-ada-target0.5-resumecustom,,
33.11026878,0.803902755,1.214882705,1328.383984,132.0319977,00013-frames_extraidos-11gb-gpu-gamma32-batch32-ada-target0.5-resumecustom,,
33.11106639,0.730338454,1.116085768,1328.415984,0.032000002,00014-frames_extraidos-11gb-gpu-gamma32-batch32-ada-target0.5-resumecustom,,
33.21076729,1.258904712,0.873541176,1332.415984,4.032000065,00014-frames_extraidos-11gb-gpu-gamma32-batch32-ada-target0.5-resumecustom,,
33.31046818,1.208243113,0.860133848,1336.415983,8.031999588,00014-frames_extraidos-11gb-gpu-gamma32-batch32-ada-target0.5-resumecustom,,
33.41016907,1.069965089,0.947383481,1340.415983,12.03199959,00014-frames_extraidos-11gb-gpu-gamma32-batch32-ada-target0.5-resumecustom,,
33.50986997,1.161640783,0.899122506,1344.415983,16.03199959,00014-frames_extraidos-11gb-gpu-gamma32-batch32-ada-target0.5-resumecustom,,
33.60957087,1.013645447,0.99079248,1348.415983,20.03199959,00014-frames_extraidos-11gb-gpu-gamma32-batch32-ada-target0.5-resumecustom,,
33.70927176,1.00421188,0.994851259,1352.415983,24.03199959,00014-frames_extraidos-11gb-gpu-gamma32-batch32-ada-target0.5-resumecustom,,
33.80897266,1.122250249,0.93533303,1356.415983,28.03199959,00014-frames_extraidos-11gb-gpu-gamma32-batch32-ada-target0.5-resumecustom,,
33.90867361,0.954925469,1.027988964,1360.415985,32.0320015,00014-frames_extraidos-11gb-gpu-gamma32-batch32-ada-target0.5-resumecustom,,
34.0083745,0.944459099,1.058717821,1364.415985,36.0320015,00014-frames_extraidos-11gb-gpu-gamma32-batch32-ada-target0.5-resumecustom,,
34.1080754,0.986082374,1.030527514,1368.415985,40.0320015,00014-frames_extraidos-11gb-gpu-gamma32-batch32-ada-target0.5-resumecustom,,
34.2077763,0.997292472,1.025367711,1372.415985,44.0320015,00014-frames_extraidos-11gb-gpu-gamma32-batch32-ada-target0.5-resumecustom,,
34.3074772,0.920951397,1.070030201,1376.415985,48.0320015,00014-frames_extraidos-11gb-gpu-gamma32-batch32-ada-target0.5-resumecustom,,
34.40717809,0.89193165,1.112950059,1380.415985,52.0320015,00014-frames_extraidos-11gb-gpu-gamma32-batch32-ada-target0.5-resumecustom,,
34.50687899,0.874915657,1.128028379,1384.415985,56.0320015,00014-frames_extraidos-11gb-gpu-gamma32-batch32-ada-target0.5-resumecustom,,
34.60657989,0.883392315,1.120335609,1388.415985,60.0320015,00014-frames_extraidos-11gb-gpu-gamma32-batch32-ada-target0.5-resumecustom,,
34.70628069,0.876703464,1.130606199,1392.415981,64.03199768,00014-frames_extraidos-11gb-gpu-gamma32-batch32-ada-target0.5-resumecustom,,
34.80598159,0.859696949,1.148136246,1396.415981,68.03199768,00014-frames_extraidos-11gb-gpu-gamma32-batch32-ada-target0.5-resumecustom,,
34.90568248,0.86149124,1.15546789,1400.415981,72.03199768,00014-frames_extraidos-11gb-gpu-gamma32-batch32-ada-target0.5-resumecustom,,
35.00538338,0.836682698,1.174740096,1404.415981,76.03199768,00014-frames_extraidos-11gb-gpu-gamma32-batch32-ada-target0.5-resumecustom,,
35.10508428,0.86347092,1.161904371,1408.415981,80.03199768,00014-frames_extraidos-11gb-gpu-gamma32-batch32-ada-target0.5-resumecustom,,
35.20478518,0.847385103,1.160272349,1412.415981,84.03199768,00014-frames_extraidos-11gb-gpu-gamma32-batch32-ada-target0.5-resumecustom,,
35.30448607,0.867893053,1.159978792,1416.415981,88.03199768,00014-frames_extraidos-11gb-gpu-gamma32-batch32-ada-target0.5-resumecustom,,
35.40418697,0.831638224,1.17768228,1420.415981,92.03199768,00014-frames_extraidos-11gb-gpu-gamma32-batch32-ada-target0.5-resumecustom,,
35.50388787,0.827669807,1.192238255,1424.415981,96.03199768,00014-frames_extraidos-11gb-gpu-gamma32-batch32-ada-target0.5-resumecustom,,
35.50468548,0.983650684,0.968087971,1424.447981,0.032000002,00015-frames_extraidos-11gb-gpu-gamma32-batch32-ada-target0.5-resumecustom,,
35.60438637,1.20707395,0.858237826,1428.447981,4.032000065,00015-frames_extraidos-11gb-gpu-gamma32-batch32-ada-target0.5-resumecustom,,
35.70408726,1.198188643,0.847746587,1432.447981,8.031999588,00015-frames_extraidos-11gb-gpu-gamma32-batch32-ada-target0.5-resumecustom,,
35.80378816,1.165114248,0.900531052,1436.447981,12.03199959,00015-frames_extraidos-11gb-gpu-gamma32-batch32-ada-target0.5-resumecustom,,
35.90348905,1.051260299,0.959355887,1440.447981,16.03199959,00015-frames_extraidos-11gb-gpu-gamma32-batch32-ada-target0.5-resumecustom,,
36.00318995,0.984989892,1.000905638,1444.447981,20.03199959,00015-frames_extraidos-11gb-gpu-gamma32-batch32-ada-target0.5-resumecustom,,
36.10289085,0.993121968,1.004801682,1448.447981,24.03199959,00015-frames_extraidos-11gb-gpu-gamma32-batch32-ada-target0.5-resumecustom,,
36.20259175,0.9897367,1.010862048,1452.447981,28.03199959,00015-frames_extraidos-11gb-gpu-gamma32-batch32-ada-target0.5-resumecustom,,
36.30229269,0.944319038,1.050346418,1456.447983,32.0320015,00015-frames_extraidos-11gb-gpu-gamma32-batch32-ada-target0.5-resumecustom,,
36.40199359,0.955522017,1.047652316,1460.447983,36.0320015,00015-frames_extraidos-11gb-gpu-gamma32-batch32-ada-target0.5-resumecustom,,
36.50169449,0.928880777,1.082181405,1464.447983,40.0320015,00015-frames_extraidos-11gb-gpu-gamma32-batch32-ada-target0.5-resumecustom,,
36.60139538,0.929051264,1.066760424,1468.447983,44.0320015,00015-frames_extraidos-11gb-gpu-gamma32-batch32-ada-target0.5-resumecustom,,
36.70109628,0.916699194,1.094734684,1472.447983,48.0320015,00015-frames_extraidos-11gb-gpu-gamma32-batch32-ada-target0.5-resumecustom,,
36.80079718,0.90708233,1.097293164,1476.447983,52.0320015,00015-frames_extraidos-11gb-gpu-gamma32-batch32-ada-target0.5-resumecustom,,
36.90049808,0.869290109,1.128897937,1480.447983,56.0320015,00015-frames_extraidos-11gb-gpu-gamma32-batch32-ada-target0.5-resumecustom,,
37.00019897,0.885334542,1.120727695,1484.447983,60.0320015,00015-frames_extraidos-11gb-gpu-gamma32-batch32-ada-target0.5-resumecustom,,
37.09989978,0.885469161,1.121230928,1488.447979,64.03199768,00015-frames_extraidos-11gb-gpu-gamma32-batch32-ada-target0.5-resumecustom,,
37.19960067,0.862030357,1.147299353,1492.447979,68.03199768,00015-frames_extraidos-11gb-gpu-gamma32-batch32-ada-target0.5-resumecustom,,
37.29930157,0.89842308,1.115889431,1496.447979,72.03199768,00015-frames_extraidos-11gb-gpu-gamma32-batch32-ada-target0.5-resumecustom,,
37.39900247,0.833546296,1.174143263,1500.447979,76.03199768,00015-frames_extraidos-11gb-gpu-gamma32-batch32-ada-target0.5-resumecustom,,
37.49870336,0.853543525,1.161445948,1504.447979,80.03199768,00015-frames_extraidos-11gb-gpu-gamma32-batch32-ada-target0.5-resumecustom,,
37.59840426,0.839268953,1.171831708,1508.447979,84.03199768,00015-frames_extraidos-11gb-gpu-gamma32-batch32-ada-target0.5-resumecustom,,
37.69810516,0.874208501,1.15813041,1512.447979,88.03199768,00015-frames_extraidos-11gb-gpu-gamma32-batch32-ada-target0.5-resumecustom,,
37.79780606,0.917023599,1.142029536,1516.447979,92.03199768,00015-frames_extraidos-11gb-gpu-gamma32-batch32-ada-target0.5-resumecustom,,
37.89750695,0.86403812,1.17979736,1520.447979,96.03199768,00015-frames_extraidos-11gb-gpu-gamma32-batch32-ada-target0.5-resumecustom,,
37.99720785,0.8608944,1.185973598,1524.447979,100.0319977,00015-frames_extraidos-11gb-gpu-gamma32-batch32-ada-target0.5-resumecustom,,
38.09690875,0.815622553,1.229658504,1528.447979,104.0319977,00015-frames_extraidos-11gb-gpu-gamma32-batch32-ada-target0.5-resumecustom,,
38.19660965,0.816891794,1.232081567,1532.447979,108.0319977,00015-frames_extraidos-11gb-gpu-gamma32-batch32-ada-target0.5-resumecustom,,
38.29631054,0.833891606,1.223240191,1536.447979,112.0319977,00015-frames_extraidos-11gb-gpu-gamma32-batch32-ada-target0.5-resumecustom,,
38.39601144,0.817570854,1.235404007,1540.447979,116.0319977,00015-frames_extraidos-11gb-gpu-gamma32-batch32-ada-target0.5-resumecustom,,
38.49571234,0.787893434,1.258836927,1544.447979,120.0319977,00015-frames_extraidos-11gb-gpu-gamma32-batch32-ada-target0.5-resumecustom,,
38.59541323,0.843173106,1.213904778,1548.447979,124.0319977,00015-frames_extraidos-11gb-gpu-gamma32-batch32-ada-target0.5-resumecustom,,
38.69511413,0.862641554,1.18380595,1552.447979,128.0319977,00015-frames_extraidos-11gb-gpu-gamma32-batch32-ada-target0.5-resumecustom,,
38.79481503,0.844102273,1.201435118,1556.447979,132.0319977,00015-frames_extraidos-11gb-gpu-gamma32-batch32-ada-target0.5-resumecustom,,
38.89451593,0.82241089,1.238456057,1560.447979,136.0319977,00015-frames_extraidos-11gb-gpu-gamma32-batch32-ada-target0.5-resumecustom,,
38.99421682,0.855001282,1.19725571,1564.447979,140.0319977,00015-frames_extraidos-11gb-gpu-gamma32-batch32-ada-target0.5-resumecustom,,
38.99501443,1.121417522,0.814661741,1564.479979,0.032000002,00016-frames_extraidos-11gb-gpu-gamma32-batch32-ada-target0.5-resumecustom,,
39.09471533,1.502782923,0.709928441,1568.479979,4.032000065,00016-frames_extraidos-11gb-gpu-gamma32-batch32-ada-target0.5-resumecustom,,
39.19441622,1.403223962,0.769572444,1572.479979,8.031999588,00016-frames_extraidos-11gb-gpu-gamma32-batch32-ada-target0.5-resumecustom,,
39.29411711,1.269555077,0.852801978,1576.479979,12.03199959,00016-frames_extraidos-11gb-gpu-gamma32-batch32-ada-target0.5-resumecustom,,
39.39381801,1.147875082,0.931036722,1580.479979,16.03199959,00016-frames_extraidos-11gb-gpu-gamma32-batch32-ada-target0.5-resumecustom,,
39.49351891,0.97412145,1.02826533,1584.479979,20.03199959,00016-frames_extraidos-11gb-gpu-gamma32-batch32-ada-target0.5-resumecustom,,
39.5932198,1.082124117,0.971679558,1588.479979,24.03199959,00016-frames_extraidos-11gb-gpu-gamma32-batch32-ada-target0.5-resumecustom,,
39.6929207,1.0573028,0.977000478,1592.479979,28.03199959,00016-frames_extraidos-11gb-gpu-gamma32-batch32-ada-target0.5-resumecustom,,
39.79262165,1.011972205,1.005622133,1596.47998,32.0320015,00016-frames_extraidos-11gb-gpu-gamma32-batch32-ada-target0.5-resumecustom,,
39.89232254,0.907661428,1.08756257,1600.47998,36.0320015,00016-frames_extraidos-11gb-gpu-gamma32-batch32-ada-target0.5-resumecustom,,
39.99202344,0.917469061,1.088293615,1604.47998,40.0320015,00016-frames_extraidos-11gb-gpu-gamma32-batch32-ada-target0.5-resumecustom,,
40.09172434,0.934402845,1.067519403,1608.47998,44.0320015,00016-frames_extraidos-11gb-gpu-gamma32-batch32-ada-target0.5-resumecustom,,
40.19142524,0.896085601,1.109113831,1612.47998,48.0320015,00016-frames_extraidos-11gb-gpu-gamma32-batch32-ada-target0.5-resumecustom,,
40.29112613,0.890049218,1.115853517,1616.47998,52.0320015,00016-frames_extraidos-11gb-gpu-gamma32-batch32-ada-target0.5-resumecustom,,
40.39082703,0.886046374,1.120519518,1620.47998,56.0320015,00016-frames_extraidos-11gb-gpu-gamma32-batch32-ada-target0.5-resumecustom,,
40.49052793,0.885626928,1.12676977,1624.47998,60.0320015,00016-frames_extraidos-11gb-gpu-gamma32-batch32-ada-target0.5-resumecustom,,
40.59022873,0.904144053,1.103606811,1628.479977,64.03199768,00016-frames_extraidos-11gb-gpu-gamma32-batch32-ada-target0.5-resumecustom,,
40.68992963,0.848080091,1.14745048,1632.479977,68.03199768,00016-frames_extraidos-11gb-gpu-gamma32-batch32-ada-target0.5-resumecustom,,
40.78963052,0.880445128,1.140983261,1636.479977,72.03199768,00016-frames_extraidos-11gb-gpu-gamma32-batch32-ada-target0.5-resumecustom,,
40.88933142,0.835335845,1.174385242,1640.479977,76.03199768,00016-frames_extraidos-11gb-gpu-gamma32-batch32-ada-target0.5-resumecustom,,
40.98903232,0.858484344,1.160207967,1644.479977,80.03199768,00016-frames_extraidos-11gb-gpu-gamma32-batch32-ada-target0.5-resumecustom,,
41.08873322,0.832843663,1.173603644,1648.479977,84.03199768,00016-frames_extraidos-11gb-gpu-gamma32-batch32-ada-target0.5-resumecustom,,
41.18843411,0.859873047,1.169121086,1652.479977,88.03199768,00016-frames_extraidos-11gb-gpu-gamma32-batch32-ada-target0.5-resumecustom,,
41.28813501,0.847550011,1.16545928,1656.479977,92.03199768,00016-frames_extraidos-11gb-gpu-gamma32-batch32-ada-target0.5-resumecustom,,
41.38783591,0.817832613,1.1976578,1660.479977,96.03199768,00016-frames_extraidos-11gb-gpu-gamma32-batch32-ada-target0.5-resumecustom,,
41.48753681,0.849214191,1.170549215,1664.479977,100.0319977,00016-frames_extraidos-11gb-gpu-gamma32-batch32-ada-target0.5-resumecustom,,
41.5872377,0.854053802,1.163202356,1668.479977,104.0319977,00016-frames_extraidos-11gb-gpu-gamma32-batch32-ada-target0.5-resumecustom,,
41.58803531,1.051773667,0.998430789,1668.511977,0.032000002,00017-frames_extraidos-11gb-gpu-gamma32-batch32-ada-target0.5-resumecustom,,
41.68773621,1.262202438,0.842149501,1672.511977,4.032000065,00017-frames_extraidos-11gb-gpu-gamma32-batch32-ada-target0.5-resumecustom,,
41.78743709,1.149516193,0.873161123,1676.511976,8.031999588,00017-frames_extraidos-11gb-gpu-gamma32-batch32-ada-target0.5-resumecustom,,
41.88713799,1.083637996,0.925166124,1680.511976,12.03199959,00017-frames_extraidos-11gb-gpu-gamma32-batch32-ada-target0.5-resumecustom,,
41.98683889,1.086768194,0.939005925,1684.511976,16.03199959,00017-frames_extraidos-11gb-gpu-gamma32-batch32-ada-target0.5-resumecustom,,
42.08653979,1.048122929,0.949361193,1688.511976,20.03199959,00017-frames_extraidos-11gb-gpu-gamma32-batch32-ada-target0.5-resumecustom,,
42.18624068,0.977943236,1.008320379,1692.511976,24.03199959,00017-frames_extraidos-11gb-gpu-gamma32-batch32-ada-target0.5-resumecustom,,
42.28594158,1.031100184,0.973693598,1696.511976,28.03199959,00017-frames_extraidos-11gb-gpu-gamma32-batch32-ada-target0.5-resumecustom,,
42.38564253,1.010724803,0.994708601,1700.511978,32.0320015,00017-frames_extraidos-11gb-gpu-gamma32-batch32-ada-target0.5-resumecustom,,
42.48534342,0.933288284,1.049341693,1704.511978,36.0320015,00017-frames_extraidos-11gb-gpu-gamma32-batch32-ada-target0.5-resumecustom,,
42.58504432,0.888369376,1.108806711,1708.511978,40.0320015,00017-frames_extraidos-11gb-gpu-gamma32-batch32-ada-target0.5-resumecustom,,
42.68474522,0.915355106,1.076938431,1712.511978,44.0320015,00017-frames_extraidos-11gb-gpu-gamma32-batch32-ada-target0.5-resumecustom,,
42.78444612,0.898236507,1.096100206,1716.511978,48.0320015,00017-frames_extraidos-11gb-gpu-gamma32-batch32-ada-target0.5-resumecustom,,
42.88414701,0.888131848,1.112174362,1720.511978,52.0320015,00017-frames_extraidos-11gb-gpu-gamma32-batch32-ada-target0.5-resumecustom,,
42.98384791,0.874722984,1.121525986,1724.511978,56.0320015,00017-frames_extraidos-11gb-gpu-gamma32-batch32-ada-target0.5-resumecustom,,
43.08354881,0.88329429,1.123423701,1728.511978,60.0320015,00017-frames_extraidos-11gb-gpu-gamma32-batch32-ada-target0.5-resumecustom,,
43.18324961,0.877860297,1.119928733,1732.511974,64.03199768,00017-frames_extraidos-11gb-gpu-gamma32-batch32-ada-target0.5-resumecustom,,
43.28295051,0.849183796,1.146951922,1736.511974,68.03199768,00017-frames_extraidos-11gb-gpu-gamma32-batch32-ada-target0.5-resumecustom,,
43.3826514,0.855550814,1.152340201,1740.511974,72.03199768,00017-frames_extraidos-11gb-gpu-gamma32-batch32-ada-target0.5-resumecustom,,
43.4823523,0.837202671,1.175165657,1744.511974,76.03199768,00017-frames_extraidos-11gb-gpu-gamma32-batch32-ada-target0.5-resumecustom,,
43.5820532,0.839546971,1.170561808,1748.511974,80.03199768,00017-frames_extraidos-11gb-gpu-gamma32-batch32-ada-target0.5-resumecustom,,
43.6817541,0.829871268,1.179318695,1752.511974,84.03199768,00017-frames_extraidos-11gb-gpu-gamma32-batch32-ada-target0.5-resumecustom,,
43.78145499,0.847272993,1.172754164,1756.511974,88.03199768,00017-frames_extraidos-11gb-gpu-gamma32-batch32-ada-target0.5-resumecustom,,
43.88115589,0.840072665,1.165294743,1760.511974,92.03199768,00017-frames_extraidos-11gb-gpu-gamma32-batch32-ada-target0.5-resumecustom,,
43.98085679,0.821415155,1.19349027,1764.511974,96.03199768,00017-frames_extraidos-11gb-gpu-gamma32-batch32-ada-target0.5-resumecustom,,
44.08055769,0.819068177,1.198693033,1768.511974,100.0319977,00017-frames_extraidos-11gb-gpu-gamma32-batch32-ada-target0.5-resumecustom,,
44.18025858,0.816274483,1.200077386,1772.511974,104.0319977,00017-frames_extraidos-11gb-gpu-gamma32-batch32-ada-target0.5-resumecustom,,
44.27995948,0.854036181,1.176162528,1776.511974,108.0319977,00017-frames_extraidos-11gb-gpu-gamma32-batch32-ada-target0.5-resumecustom,,
44.28075709,1.025264621,0.977470875,1776.543974,0.032000002,00018-frames_extraidos-11gb-gpu-gamma32-batch32-ada-target0.5-resumecustom,,
44.38045799,1.229080215,0.857727535,1780.543974,4.032000065,00018-frames_extraidos-11gb-gpu-gamma32-batch32-ada-target0.5-resumecustom,,
44.48015887,1.046617516,0.931692595,1784.543974,8.031999588,00018-frames_extraidos-11gb-gpu-gamma32-batch32-ada-target0.5-resumecustom,,
44.57985977,1.062590215,0.940619515,1788.543974,12.03199959,00018-frames_extraidos-11gb-gpu-gamma32-batch32-ada-target0.5-resumecustom,,
44.67956067,1.142548764,0.90374709,1792.543974,16.03199959,00018-frames_extraidos-11gb-gpu-gamma32-batch32-ada-target0.5-resumecustom,,
44.77926156,0.992856152,0.997563663,1796.543974,20.03199959,00018-frames_extraidos-11gb-gpu-gamma32-batch32-ada-target0.5-resumecustom,,
44.87896246,1.003899797,0.991331621,1800.543974,24.03199959,00018-frames_extraidos-11gb-gpu-gamma32-batch32-ada-target0.5-resumecustom,,
44.97866336,0.968311609,1.018297059,1804.543974,28.03199959,00018-frames_extraidos-11gb-gpu-gamma32-batch32-ada-target0.5-resumecustom,,
45.0783643,0.999182266,1.013395053,1808.543976,32.0320015,00018-frames_extraidos-11gb-gpu-gamma32-batch32-ada-target0.5-resumecustom,,
45.1780652,0.968652335,1.021677842,1812.543976,36.0320015,00018-frames_extraidos-11gb-gpu-gamma32-batch32-ada-target0.5-resumecustom,,
45.2777661,0.935663121,1.064868868,1816.543976,40.0320015,00018-frames_extraidos-11gb-gpu-gamma32-batch32-ada-target0.5-resumecustom,,
45.37746699,0.906496814,1.079467234,1820.543976,44.0320015,00018-frames_extraidos-11gb-gpu-gamma32-batch32-ada-target0.5-resumecustom,,
45.47716789,0.900309248,1.102315751,1824.543976,48.0320015,00018-frames_extraidos-11gb-gpu-gamma32-batch32-ada-target0.5-resumecustom,,
45.57686879,0.901281065,1.096833665,1828.543976,52.0320015,00018-frames_extraidos-11gb-gpu-gamma32-batch32-ada-target0.5-resumecustom,,
45.67656969,0.873619078,1.122579844,1832.543976,56.0320015,00018-frames_extraidos-11gb-gpu-gamma32-batch32-ada-target0.5-resumecustom,,
45.77627058,0.883311253,1.113737442,1836.543976,60.0320015,00018-frames_extraidos-11gb-gpu-gamma32-batch32-ada-target0.5-resumecustom,,
45.87597139,0.891656446,1.109469573,1840.543972,64.03199768,00018-frames_extraidos-11gb-gpu-gamma32-batch32-ada-target0.5-resumecustom,,
45.97567228,0.854639544,1.142728145,1844.543972,68.03199768,00018-frames_extraidos-11gb-gpu-gamma32-batch32-ada-target0.5-resumecustom,,
46.07537318,0.852311883,1.151120772,1848.543972,72.03199768,00018-frames_extraidos-11gb-gpu-gamma32-batch32-ada-target0.5-resumecustom,,
46.17507408,0.84104657,1.174330662,1852.543972,76.03199768,00018-frames_extraidos-11gb-gpu-gamma32-batch32-ada-target0.5-resumecustom,,
46.27477498,0.846258556,1.164879814,1856.543972,80.03199768,00018-frames_extraidos-11gb-gpu-gamma32-batch32-ada-target0.5-resumecustom,,
46.37447587,0.867831752,1.144591532,1860.543972,84.03199768,00018-frames_extraidos-11gb-gpu-gamma32-batch32-ada-target0.5-resumecustom,,
46.47417677,0.855450746,1.152074597,1864.543972,88.03199768,00018-frames_extraidos-11gb-gpu-gamma32-batch32-ada-target0.5-resumecustom,,
46.57387767,0.844853886,1.165449874,1868.543972,92.03199768,00018-frames_extraidos-11gb-gpu-gamma32-batch32-ada-target0.5-resumecustom,,
46.67357856,0.836591459,1.17091718,1872.543972,96.03199768,00018-frames_extraidos-11gb-gpu-gamma32-batch32-ada-target0.5-resumecustom,,
46.77327946,0.820383893,1.193971433,1876.543972,100.0319977,00018-frames_extraidos-11gb-gpu-gamma32-batch32-ada-target0.5-resumecustom,,
46.87298036,0.825142311,1.187906894,1880.543972,104.0319977,00018-frames_extraidos-11gb-gpu-gamma32-batch32-ada-target0.5-resumecustom,,
46.97268126,0.840042563,1.177111623,1884.543972,108.0319977,00018-frames_extraidos-11gb-gpu-gamma32-batch32-ada-target0.5-resumecustom,,
47.07238215,0.832238681,1.191848903,1888.543972,112.0319977,00018-frames_extraidos-11gb-gpu-gamma32-batch32-ada-target0.5-resumecustom,,
47.17208305,0.832160923,1.178676533,1892.543972,116.0319977,00018-frames_extraidos-11gb-gpu-gamma32-batch32-ada-target0.5-resumecustom,,
47.27178395,0.79714123,1.222567693,1896.543972,120.0319977,00018-frames_extraidos-11gb-gpu-gamma32-batch32-ada-target0.5-resumecustom,,
47.37148485,0.809026243,1.213283809,1900.543972,124.0319977,00018-frames_extraidos-11gb-gpu-gamma32-batch32-ada-target0.5-resumecustom,,
47.47118574,0.810763711,1.205546726,1904.543972,128.0319977,00018-frames_extraidos-11gb-gpu-gamma32-batch32-ada-target0.5-resumecustom,,
47.57088664,0.808444445,1.214402618,1908.543972,132.0319977,00018-frames_extraidos-11gb-gpu-gamma32-batch32-ada-target0.5-resumecustom,,
47.67058754,0.843511641,1.206043262,1912.543972,136.0319977,00018-frames_extraidos-11gb-gpu-gamma32-batch32-ada-target0.5-resumecustom,,
47.77028844,0.800200107,1.212153367,1916.543972,140.0319977,00018-frames_extraidos-11gb-gpu-gamma32-batch32-ada-target0.5-resumecustom,,
47.86998933,0.792728849,1.23224114,1920.543972,144.0319977,00018-frames_extraidos-11gb-gpu-gamma32-batch32-ada-target0.5-resumecustom,,
47.96969023,0.799588766,1.225722354,1924.543972,148.0319977,00018-frames_extraidos-11gb-gpu-gamma32-batch32-ada-target0.5-resumecustom,,
48.06939113,0.802284432,1.235980048,1928.543972,152.0319977,00018-frames_extraidos-11gb-gpu-gamma32-batch32-ada-target0.5-resumecustom,,
48.07018873,0.869405508,1.099093914,1928.575972,0.032000002,00019-frames_extraidos-11gb-gpu-gamma32-batch32-ada-target0.5-resumecustom,,
48.16988963,1.183094244,0.896958543,1932.575972,4.032000065,00019-frames_extraidos-11gb-gpu-gamma32-batch32-ada-target0.5-resumecustom,,
48.26959052,1.112244346,0.929070867,1936.575972,8.031999588,00019-frames_extraidos-11gb-gpu-gamma32-batch32-ada-target0.5-resumecustom,,
48.36929142,1.060900659,0.953551519,1940.575972,12.03199959,00019-frames_extraidos-11gb-gpu-gamma32-batch32-ada-target0.5-resumecustom,,
48.46899231,1.003913534,0.990386408,1944.575972,16.03199959,00019-frames_extraidos-11gb-gpu-gamma32-batch32-ada-target0.5-resumecustom,,
48.56869321,0.96334659,1.025755218,1948.575972,20.03199959,00019-frames_extraidos-11gb-gpu-gamma32-batch32-ada-target0.5-resumecustom,,
48.66839411,1.004618703,0.997733891,1952.575972,24.03199959,00019-frames_extraidos-11gb-gpu-gamma32-batch32-ada-target0.5-resumecustom,,
48.76809501,0.95457003,1.036546278,1956.575972,28.03199959,00019-frames_extraidos-11gb-gpu-gamma32-batch32-ada-target0.5-resumecustom,,
48.86779595,0.941697735,1.049024538,1960.575974,32.0320015,00019-frames_extraidos-11gb-gpu-gamma32-batch32-ada-target0.5-resumecustom,,
48.96749685,1.01095078,1.016961216,1964.575974,36.0320015,00019-frames_extraidos-11gb-gpu-gamma32-batch32-ada-target0.5-resumecustom,,
49.06719774,0.929676136,1.059634744,1968.575974,40.0320015,00019-frames_extraidos-11gb-gpu-gamma32-batch32-ada-target0.5-resumecustom,,
49.16689864,0.906366818,1.082818645,1972.575974,44.0320015,00019-frames_extraidos-11gb-gpu-gamma32-batch32-ada-target0.5-resumecustom,,
49.26659954,0.919779844,1.086210902,1976.575974,48.0320015,00019-frames_extraidos-11gb-gpu-gamma32-batch32-ada-target0.5-resumecustom,,
49.36630044,0.905431482,1.089348621,1980.575974,52.0320015,00019-frames_extraidos-11gb-gpu-gamma32-batch32-ada-target0.5-resumecustom,,
49.46600133,0.861190129,1.13216117,1984.575974,56.0320015,00019-frames_extraidos-11gb-gpu-gamma32-batch32-ada-target0.5-resumecustom,,
49.56570223,0.878049273,1.119158638,1988.575974,60.0320015,00019-frames_extraidos-11gb-gpu-gamma32-batch32-ada-target0.5-resumecustom,,
49.66540303,0.866361234,1.131802078,1992.57597,64.03199768,00019-frames_extraidos-11gb-gpu-gamma32-batch32-ada-target0.5-resumecustom,,
49.76510393,0.868956618,1.139554899,1996.57597,68.03199768,00019-frames_extraidos-11gb-gpu-gamma32-batch32-ada-target0.5-resumecustom,,
49.86480483,0.860259254,1.135246962,2000.57597,72.03199768,00019-frames_extraidos-11gb-gpu-gamma32-batch32-ada-target0.5-resumecustom,,
49.96450573,0.827479786,1.17710914,2004.57597,76.03199768,00019-frames_extraidos-11gb-gpu-gamma32-batch32-ada-target0.5-resumecustom,,
50.06420662,0.845254647,1.173070851,2008.57597,80.03199768,00019-frames_extraidos-11gb-gpu-gamma32-batch32-ada-target0.5-resumecustom,,
50.16390752,0.855821412,1.153119033,2012.57597,84.03199768,00019-frames_extraidos-11gb-gpu-gamma32-batch32-ada-target0.5-resumecustom,,
50.26360842,0.84766172,1.162179158,2016.57597,88.03199768,00019-frames_extraidos-11gb-gpu-gamma32-batch32-ada-target0.5-resumecustom,,
50.36330931,0.840287818,1.161500066,2020.57597,92.03199768,00019-frames_extraidos-11gb-gpu-gamma32-batch32-ada-target0.5-resumecustom,,
50.46301021,0.818270053,1.190381375,2024.57597,96.03199768,00019-frames_extraidos-11gb-gpu-gamma32-batch32-ada-target0.5-resumecustom,,
50.56271111,0.821748563,1.195731544,2028.57597,100.0319977,00019-frames_extraidos-11gb-gpu-gamma32-batch32-ada-target0.5-resumecustom,,
50.66241201,0.813523367,1.196105471,2032.57597,104.0319977,00019-frames_extraidos-11gb-gpu-gamma32-batch32-ada-target0.5-resumecustom,,
50.7621129,0.825487845,1.190014911,2036.57597,108.0319977,00019-frames_extraidos-11gb-gpu-gamma32-batch32-ada-target0.5-resumecustom,,
50.8618138,0.83432168,1.183696443,2040.57597,112.0319977,00019-frames_extraidos-11gb-gpu-gamma32-batch32-ada-target0.5-resumecustom,,
50.9615147,0.825776248,1.18477325,2044.57597,116.0319977,00019-frames_extraidos-11gb-gpu-gamma32-batch32-ada-target0.5-resumecustom,,
51.0612156,0.800211262,1.212552441,2048.57597,120.0319977,00019-frames_extraidos-11gb-gpu-gamma32-batch32-ada-target0.5-resumecustom,,
51.16091649,0.80472425,1.216931592,2052.57597,124.0319977,00019-frames_extraidos-11gb-gpu-gamma32-batch32-ada-target0.5-resumecustom,,
51.26061739,0.809250164,1.211466781,2056.57597,128.0319977,00019-frames_extraidos-11gb-gpu-gamma32-batch32-ada-target0.5-resumecustom,,
51.36031829,0.805055153,1.211735472,2060.57597,132.0319977,00019-frames_extraidos-11gb-gpu-gamma32-batch32-ada-target0.5-resumecustom,,
51.46001918,0.805232559,1.221314215,2064.57597,136.0319977,00019-frames_extraidos-11gb-gpu-gamma32-batch32-ada-target0.5-resumecustom,,
51.55972008,0.798924041,1.222434122,2068.57597,140.0319977,00019-frames_extraidos-11gb-gpu-gamma32-batch32-ada-target0.5-resumecustom,,
