epoch,G_loss,D_loss,kimg_acu,kimg,run_id
0.000797607,0.783226609,2.194037437,0.032000002,0.032000002,00001-frames_extraidos-11gb-gpu-gamma32-batch32-ada-target0.6
0.100498506,206.6079117,63.99246609,4.032000065,4.032000065,00001-frames_extraidos-11gb-gpu-gamma32-batch32-ada-target0.6
0.200199392,101.2912979,40.96456729,8.031999588,8.031999588,00001-frames_extraidos-11gb-gpu-gamma32-batch32-ada-target0.6
0.299900289,1.359128579,1.283928361,12.03199959,12.03199959,00001-frames_extraidos-11gb-gpu-gamma32-batch32-ada-target0.6
0.399601186,1.245529978,1.360085237,16.03199959,16.03199959,00001-frames_extraidos-11gb-gpu-gamma32-batch32-ada-target0.6
0.499302083,1.435865618,1.337877057,20.03199959,20.03199959,00001-frames_extraidos-11gb-gpu-gamma32-batch32-ada-target0.6
0.599002981,1.498210745,0.979171124,24.03199959,24.03199959,00001-frames_extraidos-11gb-gpu-gamma32-batch32-ada-target0.6
0.698703878,1.173832303,1.144259001,28.03199959,28.03199959,00001-frames_extraidos-11gb-gpu-gamma32-batch32-ada-target0.6
0.798404823,1.486565151,1.076845778,32.0320015,32.0320015,00001-frames_extraidos-11gb-gpu-gamma32-batch32-ada-target0.6
0.89810572,2.494277811,1.169491228,36.0320015,36.0320015,00001-frames_extraidos-11gb-gpu-gamma32-batch32-ada-target0.6
0.997806618,1.570924348,0.991607695,40.0320015,40.0320015,00001-frames_extraidos-11gb-gpu-gamma32-batch32-ada-target0.6
1.097507515,1.531428377,1.085056037,44.0320015,44.0320015,00001-frames_extraidos-11gb-gpu-gamma32-batch32-ada-target0.6
1.197208412,2.925843334,1.138705546,48.0320015,48.0320015,00001-frames_extraidos-11gb-gpu-gamma32-batch32-ada-target0.6
1.296909309,5.315378194,49.10263017,52.0320015,52.0320015,00001-frames_extraidos-11gb-gpu-gamma32-batch32-ada-target0.6
1.396610207,192.546098,56.27962579,56.0320015,56.0320015,00001-frames_extraidos-11gb-gpu-gamma32-batch32-ada-target0.6
1.496311104,1.763401037,0.729541094,60.0320015,60.0320015,00001-frames_extraidos-11gb-gpu-gamma32-batch32-ada-target0.6
1.596011906,1.46301297,0.880125093,64.03199768,64.03199768,00001-frames_extraidos-11gb-gpu-gamma32-batch32-ada-target0.6
1.695712804,1.274052991,0.990564294,68.03199768,68.03199768,00001-frames_extraidos-11gb-gpu-gamma32-batch32-ada-target0.6
1.795413701,1.40949395,1.090076468,72.03199768,72.03199768,00001-frames_extraidos-11gb-gpu-gamma32-batch32-ada-target0.6
1.895114598,1.585691289,0.951458507,76.03199768,76.03199768,00001-frames_extraidos-11gb-gpu-gamma32-batch32-ada-target0.6
1.994815496,1.747264263,0.925328133,80.03199768,80.03199768,00001-frames_extraidos-11gb-gpu-gamma32-batch32-ada-target0.6
2.094516393,2.579120282,1.249544432,84.03199768,84.03199768,00001-frames_extraidos-11gb-gpu-gamma32-batch32-ada-target0.6
2.19421729,1.432533462,0.963574544,88.03199768,88.03199768,00001-frames_extraidos-11gb-gpu-gamma32-batch32-ada-target0.6
2.293918187,1.576575461,1.147166203,92.03199768,92.03199768,00001-frames_extraidos-11gb-gpu-gamma32-batch32-ada-target0.6
2.393619085,1.573166964,0.996755893,96.03199768,96.03199768,00001-frames_extraidos-11gb-gpu-gamma32-batch32-ada-target0.6
2.493319982,1.224922756,1.120343664,100.0319977,100.0319977,00001-frames_extraidos-11gb-gpu-gamma32-batch32-ada-target0.6
2.593020879,1.440781961,1.108423949,104.0319977,104.0319977,00001-frames_extraidos-11gb-gpu-gamma32-batch32-ada-target0.6
2.692721777,1.390967817,1.315244903,108.0319977,108.0319977,00001-frames_extraidos-11gb-gpu-gamma32-batch32-ada-target0.6
2.792422674,1.612195411,1.07203453,112.0319977,112.0319977,00001-frames_extraidos-11gb-gpu-gamma32-batch32-ada-target0.6
2.892123571,1.057091591,1.196246345,116.0319977,116.0319977,00001-frames_extraidos-11gb-gpu-gamma32-batch32-ada-target0.6
2.991824469,1.007080724,1.251574593,120.0319977,120.0319977,00001-frames_extraidos-11gb-gpu-gamma32-batch32-ada-target0.6
3.091525366,5.808972124,0.981213262,124.0319977,124.0319977,00001-frames_extraidos-11gb-gpu-gamma32-batch32-ada-target0.6
3.092322973,1.850792766,0.666482329,124.0639977,0.032000002,00002-frames_extraidos-11gb-gpu-gamma32-batch32-ada-target0.6-resumecustom
3.192023872,2.145774373,0.980538626,128.0639977,4.032000065,00002-frames_extraidos-11gb-gpu-gamma32-batch32-ada-target0.6-resumecustom
3.291724757,1.257392617,1.128765206,132.0639973,8.031999588,00002-frames_extraidos-11gb-gpu-gamma32-batch32-ada-target0.6-resumecustom
3.391425655,1.069702501,1.219588069,136.0639973,12.03199959,00002-frames_extraidos-11gb-gpu-gamma32-batch32-ada-target0.6-resumecustom
3.491126552,1.015121733,1.270822326,140.0639973,16.03199959,00002-frames_extraidos-11gb-gpu-gamma32-batch32-ada-target0.6-resumecustom
3.590827449,0.989512678,1.284305319,144.0639973,20.03199959,00002-frames_extraidos-11gb-gpu-gamma32-batch32-ada-target0.6-resumecustom
3.690528347,2.247985401,1.320742484,148.0639973,24.03199959,00002-frames_extraidos-11gb-gpu-gamma32-batch32-ada-target0.6-resumecustom
3.790229244,1.601901409,0.907076427,152.0639973,28.03199959,00002-frames_extraidos-11gb-gpu-gamma32-batch32-ada-target0.6-resumecustom
3.889930189,0.8840241,1.323383729,156.0639992,32.0320015,00002-frames_extraidos-11gb-gpu-gamma32-batch32-ada-target0.6-resumecustom
3.989631086,0.932923177,1.306339136,160.0639992,36.0320015,00002-frames_extraidos-11gb-gpu-gamma32-batch32-ada-target0.6-resumecustom
4.089331983,0.821680782,1.330590978,164.0639992,40.0320015,00002-frames_extraidos-11gb-gpu-gamma32-batch32-ada-target0.6-resumecustom
4.189032881,0.912740296,1.427171631,168.0639992,44.0320015,00002-frames_extraidos-11gb-gpu-gamma32-batch32-ada-target0.6-resumecustom
4.288733778,0.788821786,1.357898164,172.0639992,48.0320015,00002-frames_extraidos-11gb-gpu-gamma32-batch32-ada-target0.6-resumecustom
4.388434675,0.780886887,1.37229331,176.0639992,52.0320015,00002-frames_extraidos-11gb-gpu-gamma32-batch32-ada-target0.6-resumecustom
4.488135573,1.809983978,1.804002728,180.0639992,56.0320015,00002-frames_extraidos-11gb-gpu-gamma32-batch32-ada-target0.6-resumecustom
4.58783647,0.81800914,1.330536795,184.0639992,60.0320015,00002-frames_extraidos-11gb-gpu-gamma32-batch32-ada-target0.6-resumecustom
4.687537272,0.790565872,1.34979969,188.0639954,64.03199768,00002-frames_extraidos-11gb-gpu-gamma32-batch32-ada-target0.6-resumecustom
4.78723817,3.275501104,1.859070068,192.0639954,68.03199768,00002-frames_extraidos-11gb-gpu-gamma32-batch32-ada-target0.6-resumecustom
4.886939067,1.418616405,0.962874694,196.0639954,72.03199768,00002-frames_extraidos-11gb-gpu-gamma32-batch32-ada-target0.6-resumecustom
4.986639964,1.256518806,1.003801015,200.0639954,76.03199768,00002-frames_extraidos-11gb-gpu-gamma32-batch32-ada-target0.6-resumecustom
5.086340861,0.899396013,1.312381055,204.0639954,80.03199768,00002-frames_extraidos-11gb-gpu-gamma32-batch32-ada-target0.6-resumecustom
5.186041759,0.780935714,1.344331831,208.0639954,84.03199768,00002-frames_extraidos-11gb-gpu-gamma32-batch32-ada-target0.6-resumecustom
5.285742656,0.771208379,1.365307701,212.0639954,88.03199768,00002-frames_extraidos-11gb-gpu-gamma32-batch32-ada-target0.6-resumecustom
5.385443553,0.790385396,1.360964966,216.0639954,92.03199768,00002-frames_extraidos-11gb-gpu-gamma32-batch32-ada-target0.6-resumecustom
5.485144451,0.817570744,1.366537061,220.0639954,96.03199768,00002-frames_extraidos-11gb-gpu-gamma32-batch32-ada-target0.6-resumecustom
5.584845348,8.865465291,4.910017886,224.0639954,100.0319977,00002-frames_extraidos-11gb-gpu-gamma32-batch32-ada-target0.6-resumecustom
5.684546245,1.239615234,0.97726981,228.0639954,104.0319977,00002-frames_extraidos-11gb-gpu-gamma32-batch32-ada-target0.6-resumecustom
5.685343853,0.834186137,1.378278255,228.0959954,0.032000002,00003-frames_extraidos-11gb-gpu-gamma32-batch32-ada-target0.6-resumecustom
5.785044751,0.796483793,1.40241267,232.0959954,4.032000065,00003-frames_extraidos-11gb-gpu-gamma32-batch32-ada-target0.6-resumecustom
5.884745637,3.564942178,1.773277644,236.0959949,8.031999588,00003-frames_extraidos-11gb-gpu-gamma32-batch32-ada-target0.6-resumecustom
5.984446534,1.360193593,0.871842574,240.0959949,12.03199959,00003-frames_extraidos-11gb-gpu-gamma32-batch32-ada-target0.6-resumecustom
6.084147431,1.118534686,1.124988425,244.0959949,16.03199959,00003-frames_extraidos-11gb-gpu-gamma32-batch32-ada-target0.6-resumecustom
6.183848329,0.86020566,1.28088238,248.0959949,20.03199959,00003-frames_extraidos-11gb-gpu-gamma32-batch32-ada-target0.6-resumecustom
6.283549226,0.819950946,1.321726409,252.0959949,24.03199959,00003-frames_extraidos-11gb-gpu-gamma32-batch32-ada-target0.6-resumecustom
6.383250123,0.764807426,1.475491024,256.0959949,28.03199959,00003-frames_extraidos-11gb-gpu-gamma32-batch32-ada-target0.6-resumecustom
6.482951068,0.765076954,1.37103136,260.0959969,32.0320015,00003-frames_extraidos-11gb-gpu-gamma32-batch32-ada-target0.6-resumecustom
6.582651966,5.63386522,3.820386781,264.0959969,36.0320015,00003-frames_extraidos-11gb-gpu-gamma32-batch32-ada-target0.6-resumecustom
6.682352863,0.830484163,1.285148454,268.0959969,40.0320015,00003-frames_extraidos-11gb-gpu-gamma32-batch32-ada-target0.6-resumecustom
6.78205376,0.906347217,1.276318451,272.0959969,44.0320015,00003-frames_extraidos-11gb-gpu-gamma32-batch32-ada-target0.6-resumecustom
6.881754657,1.215632746,1.109098374,276.0959969,48.0320015,00003-frames_extraidos-11gb-gpu-gamma32-batch32-ada-target0.6-resumecustom
6.981455555,1.103246787,1.162511489,280.0959969,52.0320015,00003-frames_extraidos-11gb-gpu-gamma32-batch32-ada-target0.6-resumecustom
7.081156452,0.953155028,1.375938319,284.0959969,56.0320015,00003-frames_extraidos-11gb-gpu-gamma32-batch32-ada-target0.6-resumecustom
7.180857349,1.073496852,1.258031046,288.0959969,60.0320015,00003-frames_extraidos-11gb-gpu-gamma32-batch32-ada-target0.6-resumecustom
7.280558152,0.862350597,1.309320621,292.095993,64.03199768,00003-frames_extraidos-11gb-gpu-gamma32-batch32-ada-target0.6-resumecustom
7.380259049,1.007268625,1.248740129,296.095993,68.03199768,00003-frames_extraidos-11gb-gpu-gamma32-batch32-ada-target0.6-resumecustom
7.479959946,0.79818485,1.351723441,300.095993,72.03199768,00003-frames_extraidos-11gb-gpu-gamma32-batch32-ada-target0.6-resumecustom
7.579660844,0.749251707,1.370816398,304.095993,76.03199768,00003-frames_extraidos-11gb-gpu-gamma32-batch32-ada-target0.6-resumecustom
7.679361741,0.747493299,1.375020314,308.095993,80.03199768,00003-frames_extraidos-11gb-gpu-gamma32-batch32-ada-target0.6-resumecustom
7.779062638,0.735106264,1.376226357,312.095993,84.03199768,00003-frames_extraidos-11gb-gpu-gamma32-batch32-ada-target0.6-resumecustom
7.878763535,7.549085216,4.621379193,316.095993,88.03199768,00003-frames_extraidos-11gb-gpu-gamma32-batch32-ada-target0.6-resumecustom
7.978464433,0.957802768,1.223774956,320.095993,92.03199768,00003-frames_extraidos-11gb-gpu-gamma32-batch32-ada-target0.6-resumecustom
8.07816533,0.764248143,1.326184381,324.095993,96.03199768,00003-frames_extraidos-11gb-gpu-gamma32-batch32-ada-target0.6-resumecustom
8.177866227,0.763600672,1.325361737,328.095993,100.0319977,00003-frames_extraidos-11gb-gpu-gamma32-batch32-ada-target0.6-resumecustom
8.277567125,0.769133248,1.337430325,332.095993,104.0319977,00003-frames_extraidos-11gb-gpu-gamma32-batch32-ada-target0.6-resumecustom
8.377268022,0.887702331,1.330084983,336.095993,108.0319977,00003-frames_extraidos-11gb-gpu-gamma32-batch32-ada-target0.6-resumecustom
8.476968919,0.762296343,1.346151041,340.095993,112.0319977,00003-frames_extraidos-11gb-gpu-gamma32-batch32-ada-target0.6-resumecustom
8.576669817,0.785658275,1.379933946,344.095993,116.0319977,00003-frames_extraidos-11gb-gpu-gamma32-batch32-ada-target0.6-resumecustom
8.676370714,0.736728436,1.366677125,348.095993,120.0319977,00003-frames_extraidos-11gb-gpu-gamma32-batch32-ada-target0.6-resumecustom
8.776071611,2.106858316,1.479857922,352.095993,124.0319977,00003-frames_extraidos-11gb-gpu-gamma32-batch32-ada-target0.6-resumecustom
8.875772509,1.069045395,1.196663352,356.095993,128.0319977,00003-frames_extraidos-11gb-gpu-gamma32-batch32-ada-target0.6-resumecustom
8.975473406,0.92394872,1.245149684,360.095993,132.0319977,00003-frames_extraidos-11gb-gpu-gamma32-batch32-ada-target0.6-resumecustom
9.075174303,0.94297043,1.369228072,364.095993,136.0319977,00003-frames_extraidos-11gb-gpu-gamma32-batch32-ada-target0.6-resumecustom
9.1748752,2.103287578,1.046077441,368.095993,140.0319977,00003-frames_extraidos-11gb-gpu-gamma32-batch32-ada-target0.6-resumecustom
9.175672808,0.807730496,1.307400227,368.127993,0.032000002,00004-frames_extraidos-11gb-gpu-gamma32-batch32-ada-target0.6-resumecustom
9.275373707,0.810476272,1.372417772,372.1279931,4.032000065,00004-frames_extraidos-11gb-gpu-gamma32-batch32-ada-target0.6-resumecustom
9.375074592,0.757744717,1.38518025,376.1279926,8.031999588,00004-frames_extraidos-11gb-gpu-gamma32-batch32-ada-target0.6-resumecustom
9.474775489,0.729105699,1.374275778,380.1279926,12.03199959,00004-frames_extraidos-11gb-gpu-gamma32-batch32-ada-target0.6-resumecustom
9.574476387,12.44392189,15.49241386,384.1279926,16.03199959,00004-frames_extraidos-11gb-gpu-gamma32-batch32-ada-target0.6-resumecustom
9.674177284,1.595704643,0.954626044,388.1279926,20.03199959,00004-frames_extraidos-11gb-gpu-gamma32-batch32-ada-target0.6-resumecustom
9.773878181,1.013916198,1.178660623,392.1279926,24.03199959,00004-frames_extraidos-11gb-gpu-gamma32-batch32-ada-target0.6-resumecustom
9.873579079,0.835230666,1.299350969,396.1279926,28.03199959,00004-frames_extraidos-11gb-gpu-gamma32-batch32-ada-target0.6-resumecustom
9.973280023,0.831520532,1.346836995,400.1279945,32.0320015,00004-frames_extraidos-11gb-gpu-gamma32-batch32-ada-target0.6-resumecustom
10.07298092,0.765662012,1.348401068,404.1279945,36.0320015,00004-frames_extraidos-11gb-gpu-gamma32-batch32-ada-target0.6-resumecustom
10.17268182,0.759060719,1.357047243,408.1279945,40.0320015,00004-frames_extraidos-11gb-gpu-gamma32-batch32-ada-target0.6-resumecustom
10.27238272,0.822689863,1.557187167,412.1279945,44.0320015,00004-frames_extraidos-11gb-gpu-gamma32-batch32-ada-target0.6-resumecustom
10.37208361,0.711194326,1.375930796,416.1279945,48.0320015,00004-frames_extraidos-11gb-gpu-gamma32-batch32-ada-target0.6-resumecustom
10.47178451,0.720018067,1.380511909,420.1279945,52.0320015,00004-frames_extraidos-11gb-gpu-gamma32-batch32-ada-target0.6-resumecustom
10.57148541,2.12585644,1.651315907,424.1279945,56.0320015,00004-frames_extraidos-11gb-gpu-gamma32-batch32-ada-target0.6-resumecustom
10.6711863,1.139817629,1.367678963,428.1279945,60.0320015,00004-frames_extraidos-11gb-gpu-gamma32-batch32-ada-target0.6-resumecustom
10.77088711,0.968894957,1.263055354,432.1279907,64.03199768,00004-frames_extraidos-11gb-gpu-gamma32-batch32-ada-target0.6-resumecustom
10.870588,0.813139424,1.31916942,436.1279907,68.03199768,00004-frames_extraidos-11gb-gpu-gamma32-batch32-ada-target0.6-resumecustom
10.9702889,0.773547137,1.335005022,440.1279907,72.03199768,00004-frames_extraidos-11gb-gpu-gamma32-batch32-ada-target0.6-resumecustom
11.0699898,0.774685042,1.354965726,444.1279907,76.03199768,00004-frames_extraidos-11gb-gpu-gamma32-batch32-ada-target0.6-resumecustom
11.1696907,0.763827045,1.361251874,448.1279907,80.03199768,00004-frames_extraidos-11gb-gpu-gamma32-batch32-ada-target0.6-resumecustom
11.26939159,0.789655637,1.369378162,452.1279907,84.03199768,00004-frames_extraidos-11gb-gpu-gamma32-batch32-ada-target0.6-resumecustom
11.36909249,0.769691363,1.357578637,456.1279907,88.03199768,00004-frames_extraidos-11gb-gpu-gamma32-batch32-ada-target0.6-resumecustom
11.46879339,0.843568202,2.100486902,460.1279907,92.03199768,00004-frames_extraidos-11gb-gpu-gamma32-batch32-ada-target0.6-resumecustom
11.469591,0.618757129,1.355354905,460.1599907,0.032000002,00005-frames_extraidos-11gb-gpu-gamma32-batch32-ada-target0.6-resumecustom
11.56929189,0.804942995,1.373313704,464.1599908,4.032000065,00005-frames_extraidos-11gb-gpu-gamma32-batch32-ada-target0.6-resumecustom
11.66899278,0.7362764,1.361009657,468.1599903,8.031999588,00005-frames_extraidos-11gb-gpu-gamma32-batch32-ada-target0.6-resumecustom
11.76869368,0.795053213,1.393354577,472.1599903,12.03199959,00005-frames_extraidos-11gb-gpu-gamma32-batch32-ada-target0.6-resumecustom
11.86839457,0.77117368,1.365980158,476.1599903,16.03199959,00005-frames_extraidos-11gb-gpu-gamma32-batch32-ada-target0.6-resumecustom
11.96809547,0.836317602,1.36326051,480.1599903,20.03199959,00005-frames_extraidos-11gb-gpu-gamma32-batch32-ada-target0.6-resumecustom
12.06779637,0.845949461,1.322803289,484.1599903,24.03199959,00005-frames_extraidos-11gb-gpu-gamma32-batch32-ada-target0.6-resumecustom
12.16749727,0.773601691,1.344293311,488.1599903,28.03199959,00005-frames_extraidos-11gb-gpu-gamma32-batch32-ada-target0.6-resumecustom
12.26719821,0.758535155,1.35202601,492.1599922,32.0320015,00005-frames_extraidos-11gb-gpu-gamma32-batch32-ada-target0.6-resumecustom
12.36689911,1.71656251,2.021007441,496.1599922,36.0320015,00005-frames_extraidos-11gb-gpu-gamma32-batch32-ada-target0.6-resumecustom
12.46660001,0.758425819,1.326116482,500.1599922,40.0320015,00005-frames_extraidos-11gb-gpu-gamma32-batch32-ada-target0.6-resumecustom
12.5663009,0.76281842,1.334697547,504.1599922,44.0320015,00005-frames_extraidos-11gb-gpu-gamma32-batch32-ada-target0.6-resumecustom
12.56709851,0.877874494,1.334175825,504.1919922,0.032000002,00006-frames_extraidos-11gb-gpu-gamma32-batch32-ada-target0.6-resumecustom
12.66679941,1.169090718,1.487016041,508.1919923,4.032000065,00006-frames_extraidos-11gb-gpu-gamma32-batch32-ada-target0.6-resumecustom
12.76650029,0.784435777,1.312840196,512.1919918,8.031999588,00006-frames_extraidos-11gb-gpu-gamma32-batch32-ada-target0.6-resumecustom
12.86620119,0.755499053,1.336214729,516.1919918,12.03199959,00006-frames_extraidos-11gb-gpu-gamma32-batch32-ada-target0.6-resumecustom
12.96590209,0.769663242,1.34015277,520.1919918,16.03199959,00006-frames_extraidos-11gb-gpu-gamma32-batch32-ada-target0.6-resumecustom
13.06560299,0.922618774,1.338018255,524.1919918,20.03199959,00006-frames_extraidos-11gb-gpu-gamma32-batch32-ada-target0.6-resumecustom
13.16530388,0.813524911,1.304319449,528.1919918,24.03199959,00006-frames_extraidos-11gb-gpu-gamma32-batch32-ada-target0.6-resumecustom
13.26500478,0.821639716,1.310199728,532.1919918,28.03199959,00006-frames_extraidos-11gb-gpu-gamma32-batch32-ada-target0.6-resumecustom
13.36470573,0.727069364,1.351149261,536.1919937,32.0320015,00006-frames_extraidos-11gb-gpu-gamma32-batch32-ada-target0.6-resumecustom
13.46440662,0.752807462,1.357887234,540.1919937,36.0320015,00006-frames_extraidos-11gb-gpu-gamma32-batch32-ada-target0.6-resumecustom
13.56410752,2.028166874,1.529894347,544.1919937,40.0320015,00006-frames_extraidos-11gb-gpu-gamma32-batch32-ada-target0.6-resumecustom
13.66380842,0.80924525,1.259660766,548.1919937,44.0320015,00006-frames_extraidos-11gb-gpu-gamma32-batch32-ada-target0.6-resumecustom
13.76350931,0.780317432,1.302809609,552.1919937,48.0320015,00006-frames_extraidos-11gb-gpu-gamma32-batch32-ada-target0.6-resumecustom
13.86321021,0.803349575,1.384042017,556.1919937,52.0320015,00006-frames_extraidos-11gb-gpu-gamma32-batch32-ada-target0.6-resumecustom
13.96291111,0.758998934,1.338700233,560.1919937,56.0320015,00006-frames_extraidos-11gb-gpu-gamma32-batch32-ada-target0.6-resumecustom
14.06261201,0.839009366,1.392447917,564.1919937,60.0320015,00006-frames_extraidos-11gb-gpu-gamma32-batch32-ada-target0.6-resumecustom
14.16231281,1.084170337,1.30936809,568.1919899,64.03199768,00006-frames_extraidos-11gb-gpu-gamma32-batch32-ada-target0.6-resumecustom
14.26201371,0.791309572,1.321173331,572.1919899,68.03199768,00006-frames_extraidos-11gb-gpu-gamma32-batch32-ada-target0.6-resumecustom
14.3617146,0.752400472,1.324113615,576.1919899,72.03199768,00006-frames_extraidos-11gb-gpu-gamma32-batch32-ada-target0.6-resumecustom
14.4614155,0.890402455,1.635430837,580.1919899,76.03199768,00006-frames_extraidos-11gb-gpu-gamma32-batch32-ada-target0.6-resumecustom
14.5611164,0.775120651,1.316908986,584.1919899,80.03199768,00006-frames_extraidos-11gb-gpu-gamma32-batch32-ada-target0.6-resumecustom
14.6608173,0.753590481,1.33738518,588.1919899,84.03199768,00006-frames_extraidos-11gb-gpu-gamma32-batch32-ada-target0.6-resumecustom
14.76051819,0.802531333,1.330437101,592.1919899,88.03199768,00006-frames_extraidos-11gb-gpu-gamma32-batch32-ada-target0.6-resumecustom
14.86021909,0.749721625,1.346753757,596.1919899,92.03199768,00006-frames_extraidos-11gb-gpu-gamma32-batch32-ada-target0.6-resumecustom
14.95991999,0.846427029,1.346846653,600.1919899,96.03199768,00006-frames_extraidos-11gb-gpu-gamma32-batch32-ada-target0.6-resumecustom
15.05962088,0.786688244,1.315242683,604.1919899,100.0319977,00006-frames_extraidos-11gb-gpu-gamma32-batch32-ada-target0.6-resumecustom
15.15932178,0.786183121,1.318584585,608.1919899,104.0319977,00006-frames_extraidos-11gb-gpu-gamma32-batch32-ada-target0.6-resumecustom
15.25902268,0.795805702,1.315755996,612.1919899,108.0319977,00006-frames_extraidos-11gb-gpu-gamma32-batch32-ada-target0.6-resumecustom
15.35872358,0.754013314,1.336759629,616.1919899,112.0319977,00006-frames_extraidos-11gb-gpu-gamma32-batch32-ada-target0.6-resumecustom
15.45842447,0.789376197,1.337198641,620.1919899,116.0319977,00006-frames_extraidos-11gb-gpu-gamma32-batch32-ada-target0.6-resumecustom
15.55812537,0.788543428,1.344484104,624.1919899,120.0319977,00006-frames_extraidos-11gb-gpu-gamma32-batch32-ada-target0.6-resumecustom
15.65782627,0.76220782,1.340310394,628.1919899,124.0319977,00006-frames_extraidos-11gb-gpu-gamma32-batch32-ada-target0.6-resumecustom
15.75752717,0.77877779,1.354567109,632.1919899,128.0319977,00006-frames_extraidos-11gb-gpu-gamma32-batch32-ada-target0.6-resumecustom
15.75832477,0.790598273,1.33318305,632.2239899,0.032000002,00007-frames_extraidos-11gb-gpu-gamma32-batch32-ada-target0.6-resumecustom
15.85802567,0.80447464,1.352076854,636.22399,4.032000065,00007-frames_extraidos-11gb-gpu-gamma32-batch32-ada-target0.6-resumecustom
15.95772656,0.786378733,1.375301566,640.2239895,8.031999588,00007-frames_extraidos-11gb-gpu-gamma32-batch32-ada-target0.6-resumecustom
16.05742745,0.785402675,1.339474002,644.2239895,12.03199959,00007-frames_extraidos-11gb-gpu-gamma32-batch32-ada-target0.6-resumecustom
16.15712835,0.737792202,1.358591461,648.2239895,16.03199959,00007-frames_extraidos-11gb-gpu-gamma32-batch32-ada-target0.6-resumecustom
16.25682925,2.135173184,1.77768729,652.2239895,20.03199959,00007-frames_extraidos-11gb-gpu-gamma32-batch32-ada-target0.6-resumecustom
16.35653015,0.807051831,1.260376533,656.2239895,24.03199959,00007-frames_extraidos-11gb-gpu-gamma32-batch32-ada-target0.6-resumecustom
16.45623104,0.766348361,1.290653422,660.2239895,28.03199959,00007-frames_extraidos-11gb-gpu-gamma32-batch32-ada-target0.6-resumecustom
16.55593199,0.758837831,1.319304183,664.2239914,32.0320015,00007-frames_extraidos-11gb-gpu-gamma32-batch32-ada-target0.6-resumecustom
16.65563289,0.755505011,1.376085041,668.2239914,36.0320015,00007-frames_extraidos-11gb-gpu-gamma32-batch32-ada-target0.6-resumecustom
16.75533378,0.774791773,1.330115004,672.2239914,40.0320015,00007-frames_extraidos-11gb-gpu-gamma32-batch32-ada-target0.6-resumecustom
16.85503468,0.75048094,1.349924109,676.2239914,44.0320015,00007-frames_extraidos-11gb-gpu-gamma32-batch32-ada-target0.6-resumecustom
16.95473558,0.744839463,1.348646455,680.2239914,48.0320015,00007-frames_extraidos-11gb-gpu-gamma32-batch32-ada-target0.6-resumecustom
17.05443648,0.750865398,1.358269082,684.2239914,52.0320015,00007-frames_extraidos-11gb-gpu-gamma32-batch32-ada-target0.6-resumecustom
17.15413737,0.868887389,1.486930793,688.2239914,56.0320015,00007-frames_extraidos-11gb-gpu-gamma32-batch32-ada-target0.6-resumecustom
17.25383827,0.791471437,1.290188684,692.2239914,60.0320015,00007-frames_extraidos-11gb-gpu-gamma32-batch32-ada-target0.6-resumecustom
17.35353907,0.75757005,1.322970862,696.2239876,64.03199768,00007-frames_extraidos-11gb-gpu-gamma32-batch32-ada-target0.6-resumecustom
17.45323997,0.753888266,1.345052897,700.2239876,68.03199768,00007-frames_extraidos-11gb-gpu-gamma32-batch32-ada-target0.6-resumecustom
17.55294087,0.793588819,1.335556118,704.2239876,72.03199768,00007-frames_extraidos-11gb-gpu-gamma32-batch32-ada-target0.6-resumecustom
17.65264176,0.74747915,1.351118545,708.2239876,76.03199768,00007-frames_extraidos-11gb-gpu-gamma32-batch32-ada-target0.6-resumecustom
17.75234266,17.1459787,24.05909281,712.2239876,80.03199768,00007-frames_extraidos-11gb-gpu-gamma32-batch32-ada-target0.6-resumecustom
17.85204356,0.951129817,1.34877458,716.2239876,84.03199768,00007-frames_extraidos-11gb-gpu-gamma32-batch32-ada-target0.6-resumecustom
17.95174446,0.884003456,1.300600088,720.2239876,88.03199768,00007-frames_extraidos-11gb-gpu-gamma32-batch32-ada-target0.6-resumecustom
18.05144535,0.962158328,1.498052126,724.2239876,92.03199768,00007-frames_extraidos-11gb-gpu-gamma32-batch32-ada-target0.6-resumecustom
18.15114625,1.744566934,3.144613711,728.2239876,96.03199768,00007-frames_extraidos-11gb-gpu-gamma32-batch32-ada-target0.6-resumecustom
18.25084715,0.843398191,1.323490742,732.2239876,100.0319977,00007-frames_extraidos-11gb-gpu-gamma32-batch32-ada-target0.6-resumecustom
18.35054805,0.786546783,1.353530688,736.2239876,104.0319977,00007-frames_extraidos-11gb-gpu-gamma32-batch32-ada-target0.6-resumecustom
18.45024894,0.727819615,1.356195543,740.2239876,108.0319977,00007-frames_extraidos-11gb-gpu-gamma32-batch32-ada-target0.6-resumecustom
18.54994984,1.30001133,2.234629638,744.2239876,112.0319977,00007-frames_extraidos-11gb-gpu-gamma32-batch32-ada-target0.6-resumecustom
18.64965074,0.772011944,1.35204716,748.2239876,116.0319977,00007-frames_extraidos-11gb-gpu-gamma32-batch32-ada-target0.6-resumecustom
18.74935163,0.726932525,1.369947599,752.2239876,120.0319977,00007-frames_extraidos-11gb-gpu-gamma32-batch32-ada-target0.6-resumecustom
18.84905253,0.795695383,1.381100289,756.2239876,124.0319977,00007-frames_extraidos-11gb-gpu-gamma32-batch32-ada-target0.6-resumecustom
18.94875343,0.736621486,1.365442567,760.2239876,128.0319977,00007-frames_extraidos-11gb-gpu-gamma32-batch32-ada-target0.6-resumecustom
19.04845433,0.77566029,1.357406466,764.2239876,132.0319977,00007-frames_extraidos-11gb-gpu-gamma32-batch32-ada-target0.6-resumecustom
19.14815522,0.748614925,1.358887472,768.2239876,136.0319977,00007-frames_extraidos-11gb-gpu-gamma32-batch32-ada-target0.6-resumecustom
19.24785612,0.764607062,1.350878815,772.2239876,140.0319977,00007-frames_extraidos-11gb-gpu-gamma32-batch32-ada-target0.6-resumecustom
19.24865373,0.740800142,1.380020618,772.2559876,0.032000002,00008-frames_extraidos-11gb-gpu-gamma32-batch32-ada-target0.6-resumecustom
19.34835463,0.987773192,1.483888902,776.2559876,4.032000065,00008-frames_extraidos-11gb-gpu-gamma32-batch32-ada-target0.6-resumecustom
19.44805551,0.742253339,1.332083431,780.2559872,8.031999588,00008-frames_extraidos-11gb-gpu-gamma32-batch32-ada-target0.6-resumecustom
19.54775641,0.776650602,1.332921014,784.2559872,12.03199959,00008-frames_extraidos-11gb-gpu-gamma32-batch32-ada-target0.6-resumecustom
19.64745731,0.751371136,1.353655672,788.2559872,16.03199959,00008-frames_extraidos-11gb-gpu-gamma32-batch32-ada-target0.6-resumecustom
19.7471582,0.783190333,1.35447444,792.2559872,20.03199959,00008-frames_extraidos-11gb-gpu-gamma32-batch32-ada-target0.6-resumecustom
19.8468591,0.733608956,1.352108314,796.2559872,24.03199959,00008-frames_extraidos-11gb-gpu-gamma32-batch32-ada-target0.6-resumecustom
19.94656,0.744907652,1.358465974,800.2559872,28.03199959,00008-frames_extraidos-11gb-gpu-gamma32-batch32-ada-target0.6-resumecustom
20.04626094,10.77744362,12.20846825,804.2559891,32.0320015,00008-frames_extraidos-11gb-gpu-gamma32-batch32-ada-target0.6-resumecustom
20.14596184,1.054008891,1.298415659,808.2559891,36.0320015,00008-frames_extraidos-11gb-gpu-gamma32-batch32-ada-target0.6-resumecustom
20.24566274,0.830753702,1.288517021,812.2559891,40.0320015,00008-frames_extraidos-11gb-gpu-gamma32-batch32-ada-target0.6-resumecustom
20.34536364,0.872209664,1.305700197,816.2559891,44.0320015,00008-frames_extraidos-11gb-gpu-gamma32-batch32-ada-target0.6-resumecustom
20.44506453,0.771290194,1.334777964,820.2559891,48.0320015,00008-frames_extraidos-11gb-gpu-gamma32-batch32-ada-target0.6-resumecustom
20.54476543,0.73346603,1.363103398,824.2559891,52.0320015,00008-frames_extraidos-11gb-gpu-gamma32-batch32-ada-target0.6-resumecustom
20.64446633,0.719915702,1.371211473,828.2559891,56.0320015,00008-frames_extraidos-11gb-gpu-gamma32-batch32-ada-target0.6-resumecustom
20.74416723,1.460863497,1.712699046,832.2559891,60.0320015,00008-frames_extraidos-11gb-gpu-gamma32-batch32-ada-target0.6-resumecustom
20.84386803,0.881046917,1.315257033,836.2559853,64.03199768,00008-frames_extraidos-11gb-gpu-gamma32-batch32-ada-target0.6-resumecustom
20.94356892,0.767271523,1.349241415,840.2559853,68.03199768,00008-frames_extraidos-11gb-gpu-gamma32-batch32-ada-target0.6-resumecustom
21.04326982,0.761792807,1.326184487,844.2559853,72.03199768,00008-frames_extraidos-11gb-gpu-gamma32-batch32-ada-target0.6-resumecustom
21.14297072,0.770682225,1.334888336,848.2559853,76.03199768,00008-frames_extraidos-11gb-gpu-gamma32-batch32-ada-target0.6-resumecustom
21.24267162,0.768348754,1.349887753,852.2559853,80.03199768,00008-frames_extraidos-11gb-gpu-gamma32-batch32-ada-target0.6-resumecustom
21.34237251,0.739275348,1.346925087,856.2559853,84.03199768,00008-frames_extraidos-11gb-gpu-gamma32-batch32-ada-target0.6-resumecustom
21.44207341,2.030978884,1.935464311,860.2559853,88.03199768,00008-frames_extraidos-11gb-gpu-gamma32-batch32-ada-target0.6-resumecustom
21.54177431,1.527236155,1.202641559,864.2559853,92.03199768,00008-frames_extraidos-11gb-gpu-gamma32-batch32-ada-target0.6-resumecustom
21.64147521,0.821170878,1.253600041,868.2559853,96.03199768,00008-frames_extraidos-11gb-gpu-gamma32-batch32-ada-target0.6-resumecustom
21.7411761,0.758193077,1.297810485,872.2559853,100.0319977,00008-frames_extraidos-11gb-gpu-gamma32-batch32-ada-target0.6-resumecustom
21.840877,0.739153213,1.332557773,876.2559853,104.0319977,00008-frames_extraidos-11gb-gpu-gamma32-batch32-ada-target0.6-resumecustom
21.84167461,0.758712292,1.252394199,876.2879853,0.032000002,00009-frames_extraidos-11gb-gpu-gamma32-batch32-ada-target0.6-resumecustom
21.94137551,0.810475777,1.424164945,880.2879853,4.032000065,00009-frames_extraidos-11gb-gpu-gamma32-batch32-ada-target0.6-resumecustom
22.04107639,0.771916281,1.310406331,884.2879848,8.031999588,00009-frames_extraidos-11gb-gpu-gamma32-batch32-ada-target0.6-resumecustom
22.14077729,0.760960331,1.334770986,888.2879848,12.03199959,00009-frames_extraidos-11gb-gpu-gamma32-batch32-ada-target0.6-resumecustom
22.24047819,4.626721199,10.73615331,892.2879848,16.03199959,00009-frames_extraidos-11gb-gpu-gamma32-batch32-ada-target0.6-resumecustom
22.34017908,1.367188457,1.119199354,896.2879848,20.03199959,00009-frames_extraidos-11gb-gpu-gamma32-batch32-ada-target0.6-resumecustom
22.43987998,0.752001317,1.361915369,900.2879848,24.03199959,00009-frames_extraidos-11gb-gpu-gamma32-batch32-ada-target0.6-resumecustom
22.53958088,0.726335233,1.34738475,904.2879848,28.03199959,00009-frames_extraidos-11gb-gpu-gamma32-batch32-ada-target0.6-resumecustom
22.63928182,0.776783807,1.32535159,908.2879868,32.0320015,00009-frames_extraidos-11gb-gpu-gamma32-batch32-ada-target0.6-resumecustom
22.73898272,0.771684138,1.319452202,912.2879868,36.0320015,00009-frames_extraidos-11gb-gpu-gamma32-batch32-ada-target0.6-resumecustom
22.83868362,0.739372666,1.332618649,916.2879868,40.0320015,00009-frames_extraidos-11gb-gpu-gamma32-batch32-ada-target0.6-resumecustom
22.93838452,0.789521431,1.326009361,920.2879868,44.0320015,00009-frames_extraidos-11gb-gpu-gamma32-batch32-ada-target0.6-resumecustom
22.93918212,0.574350893,1.354149222,920.3199868,0.032000002,00010-frames_extraidos-11gb-gpu-gamma32-batch32-ada-target0.6-resumecustom
23.03888302,0.814436152,1.362275201,924.3199868,4.032000065,00010-frames_extraidos-11gb-gpu-gamma32-batch32-ada-target0.6-resumecustom
23.13858391,0.756065076,1.331396281,928.3199863,8.031999588,00010-frames_extraidos-11gb-gpu-gamma32-batch32-ada-target0.6-resumecustom
23.2382848,0.774674182,1.349526303,932.3199863,12.03199959,00010-frames_extraidos-11gb-gpu-gamma32-batch32-ada-target0.6-resumecustom
23.3379857,0.746789891,1.345515584,936.3199863,16.03199959,00010-frames_extraidos-11gb-gpu-gamma32-batch32-ada-target0.6-resumecustom
23.4376866,0.777807759,1.352022476,940.3199863,20.03199959,00010-frames_extraidos-11gb-gpu-gamma32-batch32-ada-target0.6-resumecustom
23.5373875,0.761046247,1.346979051,944.3199863,24.03199959,00010-frames_extraidos-11gb-gpu-gamma32-batch32-ada-target0.6-resumecustom
23.63708839,17.01405244,16.88923236,948.3199863,28.03199959,00010-frames_extraidos-11gb-gpu-gamma32-batch32-ada-target0.6-resumecustom
23.73678934,0.787982983,1.329775019,952.3199883,32.0320015,00010-frames_extraidos-11gb-gpu-gamma32-batch32-ada-target0.6-resumecustom
23.83649024,0.758313241,1.361079606,956.3199883,36.0320015,00010-frames_extraidos-11gb-gpu-gamma32-batch32-ada-target0.6-resumecustom
23.93619113,0.759436046,1.335863618,960.3199883,40.0320015,00010-frames_extraidos-11gb-gpu-gamma32-batch32-ada-target0.6-resumecustom
24.03589203,0.760237184,1.318261378,964.3199883,44.0320015,00010-frames_extraidos-11gb-gpu-gamma32-batch32-ada-target0.6-resumecustom
24.13559293,0.736892972,1.337471205,968.3199883,48.0320015,00010-frames_extraidos-11gb-gpu-gamma32-batch32-ada-target0.6-resumecustom
24.23529382,0.744917309,1.358300646,972.3199883,52.0320015,00010-frames_extraidos-11gb-gpu-gamma32-batch32-ada-target0.6-resumecustom
24.33499472,0.778339504,1.36375255,976.3199883,56.0320015,00010-frames_extraidos-11gb-gpu-gamma32-batch32-ada-target0.6-resumecustom
24.43469562,0.823244463,1.334833182,980.3199883,60.0320015,00010-frames_extraidos-11gb-gpu-gamma32-batch32-ada-target0.6-resumecustom
24.53439642,0.743022842,1.333929497,984.3199844,64.03199768,00010-frames_extraidos-11gb-gpu-gamma32-batch32-ada-target0.6-resumecustom
24.63409732,0.79504198,1.617926619,988.3199844,68.03199768,00010-frames_extraidos-11gb-gpu-gamma32-batch32-ada-target0.6-resumecustom
24.73379822,0.791625187,1.359800553,992.3199844,72.03199768,00010-frames_extraidos-11gb-gpu-gamma32-batch32-ada-target0.6-resumecustom
24.83349911,0.755183403,1.321206683,996.3199844,76.03199768,00010-frames_extraidos-11gb-gpu-gamma32-batch32-ada-target0.6-resumecustom
24.93320001,0.760055159,1.342362878,1000.319984,80.03199768,00010-frames_extraidos-11gb-gpu-gamma32-batch32-ada-target0.6-resumecustom
25.03290091,0.761578596,1.336489427,1004.319984,84.03199768,00010-frames_extraidos-11gb-gpu-gamma32-batch32-ada-target0.6-resumecustom
25.13260181,0.7375626,1.337087272,1008.319984,88.03199768,00010-frames_extraidos-11gb-gpu-gamma32-batch32-ada-target0.6-resumecustom
25.2323027,0.808363733,1.502760551,1012.319984,92.03199768,00010-frames_extraidos-11gb-gpu-gamma32-batch32-ada-target0.6-resumecustom
25.3320036,0.829299879,1.454766792,1016.319984,96.03199768,00010-frames_extraidos-11gb-gpu-gamma32-batch32-ada-target0.6-resumecustom
25.4317045,0.799317095,1.351199294,1020.319984,100.0319977,00010-frames_extraidos-11gb-gpu-gamma32-batch32-ada-target0.6-resumecustom
25.53140539,0.760544652,1.336878419,1024.319984,104.0319977,00010-frames_extraidos-11gb-gpu-gamma32-batch32-ada-target0.6-resumecustom
25.63110629,0.778558782,1.322820354,1028.319984,108.0319977,00010-frames_extraidos-11gb-gpu-gamma32-batch32-ada-target0.6-resumecustom
25.73080719,147.7079997,14.78117563,1032.319984,112.0319977,00010-frames_extraidos-11gb-gpu-gamma32-batch32-ada-target0.6-resumecustom
25.83050809,162.6460415,0.051618497,1036.319984,116.0319977,00010-frames_extraidos-11gb-gpu-gamma32-batch32-ada-target0.6-resumecustom
25.93020898,68.87813574,15.15237095,1040.319984,120.0319977,00010-frames_extraidos-11gb-gpu-gamma32-batch32-ada-target0.6-resumecustom
26.02990988,1.067922866,1.478989313,1044.319984,124.0319977,00010-frames_extraidos-11gb-gpu-gamma32-batch32-ada-target0.6-resumecustom
26.12961078,1.306346322,1.750220048,1048.319984,128.0319977,00010-frames_extraidos-11gb-gpu-gamma32-batch32-ada-target0.6-resumecustom
26.22931168,1.633869037,1.898613559,1052.319984,132.0319977,00010-frames_extraidos-11gb-gpu-gamma32-batch32-ada-target0.6-resumecustom
26.32901257,3.138986225,1.882988609,1056.319984,136.0319977,00010-frames_extraidos-11gb-gpu-gamma32-batch32-ada-target0.6-resumecustom
26.42871347,1.506410182,1.084669394,1060.319984,140.0319977,00010-frames_extraidos-11gb-gpu-gamma32-batch32-ada-target0.6-resumecustom
26.52841437,0.959221824,1.16444782,1064.319984,144.0319977,00010-frames_extraidos-11gb-gpu-gamma32-batch32-ada-target0.6-resumecustom
26.52921198,1.281069517,1.012985229,1064.351984,0.032000002,00011-frames_extraidos-11gb-gpu-gamma32-batch32-ada-target0.6-resumecustom
26.62891287,2.250033465,1.316470551,1068.351985,4.032000065,00011-frames_extraidos-11gb-gpu-gamma32-batch32-ada-target0.6-resumecustom
26.72861376,0.85212695,1.21273102,1072.351984,8.031999588,00011-frames_extraidos-11gb-gpu-gamma32-batch32-ada-target0.6-resumecustom
26.82831466,0.842604452,1.257452651,1076.351984,12.03199959,00011-frames_extraidos-11gb-gpu-gamma32-batch32-ada-target0.6-resumecustom
26.92801555,0.744245243,1.328423273,1080.351984,16.03199959,00011-frames_extraidos-11gb-gpu-gamma32-batch32-ada-target0.6-resumecustom
27.02771645,0.770566762,1.364344038,1084.351984,20.03199959,00011-frames_extraidos-11gb-gpu-gamma32-batch32-ada-target0.6-resumecustom
27.12741735,0.738624429,1.357618418,1088.351984,24.03199959,00011-frames_extraidos-11gb-gpu-gamma32-batch32-ada-target0.6-resumecustom
27.22711825,31.20742288,21.35207157,1092.351984,28.03199959,00011-frames_extraidos-11gb-gpu-gamma32-batch32-ada-target0.6-resumecustom
27.32681919,1.098858209,1.106838482,1096.351986,32.0320015,00011-frames_extraidos-11gb-gpu-gamma32-batch32-ada-target0.6-resumecustom
27.42652009,1.039368545,1.172697515,1100.351986,36.0320015,00011-frames_extraidos-11gb-gpu-gamma32-batch32-ada-target0.6-resumecustom
27.52622099,0.90707094,1.196507776,1104.351986,40.0320015,00011-frames_extraidos-11gb-gpu-gamma32-batch32-ada-target0.6-resumecustom
27.62592188,0.795873903,1.282327155,1108.351986,44.0320015,00011-frames_extraidos-11gb-gpu-gamma32-batch32-ada-target0.6-resumecustom
27.72562278,0.820919724,1.280898044,1112.351986,48.0320015,00011-frames_extraidos-11gb-gpu-gamma32-batch32-ada-target0.6-resumecustom
27.82532368,0.913738513,1.183325859,1116.351986,52.0320015,00011-frames_extraidos-11gb-gpu-gamma32-batch32-ada-target0.6-resumecustom
27.92502457,0.777024068,1.307421092,1120.351986,56.0320015,00011-frames_extraidos-11gb-gpu-gamma32-batch32-ada-target0.6-resumecustom
28.02472547,0.752958817,1.319284516,1124.351986,60.0320015,00011-frames_extraidos-11gb-gpu-gamma32-batch32-ada-target0.6-resumecustom
28.12442627,0.763720914,1.328175732,1128.351982,64.03199768,00011-frames_extraidos-11gb-gpu-gamma32-batch32-ada-target0.6-resumecustom
28.22412717,0.929768543,1.48142282,1132.351982,68.03199768,00011-frames_extraidos-11gb-gpu-gamma32-batch32-ada-target0.6-resumecustom
28.32382807,0.912165831,1.335697544,1136.351982,72.03199768,00011-frames_extraidos-11gb-gpu-gamma32-batch32-ada-target0.6-resumecustom
28.42352897,0.789384953,1.288041497,1140.351982,76.03199768,00011-frames_extraidos-11gb-gpu-gamma32-batch32-ada-target0.6-resumecustom
28.52322986,0.74368503,1.349033816,1144.351982,80.03199768,00011-frames_extraidos-11gb-gpu-gamma32-batch32-ada-target0.6-resumecustom
28.62293076,0.740235185,1.344587163,1148.351982,84.03199768,00011-frames_extraidos-11gb-gpu-gamma32-batch32-ada-target0.6-resumecustom
28.72263166,0.752625225,1.366365305,1152.351982,88.03199768,00011-frames_extraidos-11gb-gpu-gamma32-batch32-ada-target0.6-resumecustom
28.82233256,0.736722085,1.366914569,1156.351982,92.03199768,00011-frames_extraidos-11gb-gpu-gamma32-batch32-ada-target0.6-resumecustom
28.92203345,1.057637213,1.43129965,1160.351982,96.03199768,00011-frames_extraidos-11gb-gpu-gamma32-batch32-ada-target0.6-resumecustom
29.02173435,0.776230547,1.312488017,1164.351982,100.0319977,00011-frames_extraidos-11gb-gpu-gamma32-batch32-ada-target0.6-resumecustom
29.12143525,0.73066682,1.338057679,1168.351982,104.0319977,00011-frames_extraidos-11gb-gpu-gamma32-batch32-ada-target0.6-resumecustom
29.22113614,0.742631468,1.343900414,1172.351982,108.0319977,00011-frames_extraidos-11gb-gpu-gamma32-batch32-ada-target0.6-resumecustom
29.32083704,0.735585819,1.354601364,1176.351982,112.0319977,00011-frames_extraidos-11gb-gpu-gamma32-batch32-ada-target0.6-resumecustom
29.42053794,0.744927801,1.411919106,1180.351982,116.0319977,00011-frames_extraidos-11gb-gpu-gamma32-batch32-ada-target0.6-resumecustom
29.52023884,1.773821651,1.586281382,1184.351982,120.0319977,00011-frames_extraidos-11gb-gpu-gamma32-batch32-ada-target0.6-resumecustom
29.61993973,0.846426687,1.221447281,1188.351982,124.0319977,00011-frames_extraidos-11gb-gpu-gamma32-batch32-ada-target0.6-resumecustom
29.71964063,0.756173889,1.309961835,1192.351982,128.0319977,00011-frames_extraidos-11gb-gpu-gamma32-batch32-ada-target0.6-resumecustom
29.81934153,0.752091458,1.327730276,1196.351982,132.0319977,00011-frames_extraidos-11gb-gpu-gamma32-batch32-ada-target0.6-resumecustom
29.91904243,0.736938331,1.341083899,1200.351982,136.0319977,00011-frames_extraidos-11gb-gpu-gamma32-batch32-ada-target0.6-resumecustom
29.91984003,0.804349244,1.360792637,1200.383982,0.032000002,00012-frames_extraidos-11gb-gpu-gamma32-batch32-ada-target0.6-resumecustom
30.01954093,0.836860652,1.387578515,1204.383982,4.032000065,00012-frames_extraidos-11gb-gpu-gamma32-batch32-ada-target0.6-resumecustom
30.11924182,1.435041101,2.245180176,1208.383982,8.031999588,00012-frames_extraidos-11gb-gpu-gamma32-batch32-ada-target0.6-resumecustom
30.21894271,0.723893173,1.369092257,1212.383982,12.03199959,00012-frames_extraidos-11gb-gpu-gamma32-batch32-ada-target0.6-resumecustom
30.31864361,0.768187188,1.45862783,1216.383982,16.03199959,00012-frames_extraidos-11gb-gpu-gamma32-batch32-ada-target0.6-resumecustom
30.41834451,0.75751409,1.331975451,1220.383982,20.03199959,00012-frames_extraidos-11gb-gpu-gamma32-batch32-ada-target0.6-resumecustom
30.51804541,1.292475333,1.652276243,1224.383982,24.03199959,00012-frames_extraidos-11gb-gpu-gamma32-batch32-ada-target0.6-resumecustom
30.6177463,0.733048274,1.359588108,1228.383982,28.03199959,00012-frames_extraidos-11gb-gpu-gamma32-batch32-ada-target0.6-resumecustom
30.71744725,1.975056631,1.497201152,1232.383984,32.0320015,00012-frames_extraidos-11gb-gpu-gamma32-batch32-ada-target0.6-resumecustom
30.81714815,0.805430201,1.24628271,1236.383984,36.0320015,00012-frames_extraidos-11gb-gpu-gamma32-batch32-ada-target0.6-resumecustom
30.91684904,0.765516378,1.296119203,1240.383984,40.0320015,00012-frames_extraidos-11gb-gpu-gamma32-batch32-ada-target0.6-resumecustom
31.01654994,0.765148531,1.313643408,1244.383984,44.0320015,00012-frames_extraidos-11gb-gpu-gamma32-batch32-ada-target0.6-resumecustom
31.11625084,0.751584216,1.339123529,1248.383984,48.0320015,00012-frames_extraidos-11gb-gpu-gamma32-batch32-ada-target0.6-resumecustom
31.21595174,0.725839631,1.374903251,1252.383984,52.0320015,00012-frames_extraidos-11gb-gpu-gamma32-batch32-ada-target0.6-resumecustom
31.31565263,0.782351275,1.354772286,1256.383984,56.0320015,00012-frames_extraidos-11gb-gpu-gamma32-batch32-ada-target0.6-resumecustom
31.41535353,0.730155202,1.349019813,1260.383984,60.0320015,00012-frames_extraidos-11gb-gpu-gamma32-batch32-ada-target0.6-resumecustom
31.51505433,0.782520213,1.359274899,1264.38398,64.03199768,00012-frames_extraidos-11gb-gpu-gamma32-batch32-ada-target0.6-resumecustom
31.61475523,0.737610345,1.350931436,1268.38398,68.03199768,00012-frames_extraidos-11gb-gpu-gamma32-batch32-ada-target0.6-resumecustom
31.71445613,2.638726293,3.013004451,1272.38398,72.03199768,00012-frames_extraidos-11gb-gpu-gamma32-batch32-ada-target0.6-resumecustom
31.81415702,1.186411732,1.240840236,1276.38398,76.03199768,00012-frames_extraidos-11gb-gpu-gamma32-batch32-ada-target0.6-resumecustom
31.91385792,0.95329841,1.274460543,1280.38398,80.03199768,00012-frames_extraidos-11gb-gpu-gamma32-batch32-ada-target0.6-resumecustom
32.01355882,0.783896032,1.306226253,1284.38398,84.03199768,00012-frames_extraidos-11gb-gpu-gamma32-batch32-ada-target0.6-resumecustom
32.11325972,0.780124223,1.286810351,1288.38398,88.03199768,00012-frames_extraidos-11gb-gpu-gamma32-batch32-ada-target0.6-resumecustom
32.21296061,0.781635123,1.307464114,1292.38398,92.03199768,00012-frames_extraidos-11gb-gpu-gamma32-batch32-ada-target0.6-resumecustom
32.31266151,0.725242921,1.355572008,1296.38398,96.03199768,00012-frames_extraidos-11gb-gpu-gamma32-batch32-ada-target0.6-resumecustom
32.41236241,0.735585159,1.346733414,1300.38398,100.0319977,00012-frames_extraidos-11gb-gpu-gamma32-batch32-ada-target0.6-resumecustom
32.51206331,0.769930976,1.358551679,1304.38398,104.0319977,00012-frames_extraidos-11gb-gpu-gamma32-batch32-ada-target0.6-resumecustom
32.6117642,20.64604731,27.09207442,1308.38398,108.0319977,00012-frames_extraidos-11gb-gpu-gamma32-batch32-ada-target0.6-resumecustom
32.7114651,0.75532217,1.48420507,1312.38398,112.0319977,00012-frames_extraidos-11gb-gpu-gamma32-batch32-ada-target0.6-resumecustom
32.811166,0.72654841,1.417143861,1316.38398,116.0319977,00012-frames_extraidos-11gb-gpu-gamma32-batch32-ada-target0.6-resumecustom
32.91086689,3.128670827,5.754632257,1320.38398,120.0319977,00012-frames_extraidos-11gb-gpu-gamma32-batch32-ada-target0.6-resumecustom
33.01056779,0.704667173,1.400183188,1324.38398,124.0319977,00012-frames_extraidos-11gb-gpu-gamma32-batch32-ada-target0.6-resumecustom
33.11026869,5.649322676,15.5524251,1328.38398,128.0319977,00012-frames_extraidos-11gb-gpu-gamma32-batch32-ada-target0.6-resumecustom
33.20996959,0.723945625,1.412890664,1332.38398,132.0319977,00012-frames_extraidos-11gb-gpu-gamma32-batch32-ada-target0.6-resumecustom
33.30967048,1.948011119,4.703284184,1336.38398,136.0319977,00012-frames_extraidos-11gb-gpu-gamma32-batch32-ada-target0.6-resumecustom
33.40937138,2.925329672,4.537766973,1340.38398,140.0319977,00012-frames_extraidos-11gb-gpu-gamma32-batch32-ada-target0.6-resumecustom
33.41016899,0.467228115,1.442738295,1340.41598,0.032000002,00013-frames_extraidos-11gb-gpu-gamma32-batch32-ada-target0.6-resumecustom
33.50986989,1.571966652,3.24215061,1344.41598,4.032000065,00013-frames_extraidos-11gb-gpu-gamma32-batch32-ada-target0.6-resumecustom
33.60957077,1.927516121,5.484766361,1348.415979,8.031999588,00013-frames_extraidos-11gb-gpu-gamma32-batch32-ada-target0.6-resumecustom
33.70927167,6.178220337,14.77837345,1352.415979,12.03199959,00013-frames_extraidos-11gb-gpu-gamma32-batch32-ada-target0.6-resumecustom
33.80897257,1.017708601,1.599261429,1356.415979,16.03199959,00013-frames_extraidos-11gb-gpu-gamma32-batch32-ada-target0.6-resumecustom
33.90867346,1.207964515,1.90923607,1360.415979,20.03199959,00013-frames_extraidos-11gb-gpu-gamma32-batch32-ada-target0.6-resumecustom
34.00837436,2.101152964,3.944472179,1364.415979,24.03199959,00013-frames_extraidos-11gb-gpu-gamma32-batch32-ada-target0.6-resumecustom
34.10807526,1.963333808,3.353032753,1368.415979,28.03199959,00013-frames_extraidos-11gb-gpu-gamma32-batch32-ada-target0.6-resumecustom
34.2077762,2.007821524,3.296366783,1372.415981,32.0320015,00013-frames_extraidos-11gb-gpu-gamma32-batch32-ada-target0.6-resumecustom
34.3074771,3.744676322,5.749693929,1376.415981,36.0320015,00013-frames_extraidos-11gb-gpu-gamma32-batch32-ada-target0.6-resumecustom
34.407178,1.769948795,3.609778862,1380.415981,40.0320015,00013-frames_extraidos-11gb-gpu-gamma32-batch32-ada-target0.6-resumecustom
34.5068789,2.676926154,4.942616442,1384.415981,44.0320015,00013-frames_extraidos-11gb-gpu-gamma32-batch32-ada-target0.6-resumecustom
34.60657979,7.420262825,12.79386296,1388.415981,48.0320015,00013-frames_extraidos-11gb-gpu-gamma32-batch32-ada-target0.6-resumecustom
34.70628069,0.867182567,1.489614901,1392.415981,52.0320015,00013-frames_extraidos-11gb-gpu-gamma32-batch32-ada-target0.6-resumecustom
34.80598159,1.178754019,2.057066635,1396.415981,56.0320015,00013-frames_extraidos-11gb-gpu-gamma32-batch32-ada-target0.6-resumecustom
34.90568248,1.777723365,3.496335149,1400.415981,60.0320015,00013-frames_extraidos-11gb-gpu-gamma32-batch32-ada-target0.6-resumecustom
35.00538329,2.08080201,4.085895137,1404.415977,64.03199768,00013-frames_extraidos-11gb-gpu-gamma32-batch32-ada-target0.6-resumecustom
35.10508418,2.307084802,5.506915192,1408.415977,68.03199768,00013-frames_extraidos-11gb-gpu-gamma32-batch32-ada-target0.6-resumecustom
35.20478508,2.255399677,3.793034202,1412.415977,72.03199768,00013-frames_extraidos-11gb-gpu-gamma32-batch32-ada-target0.6-resumecustom
35.30448598,8.711432751,13.99664125,1416.415977,76.03199768,00013-frames_extraidos-11gb-gpu-gamma32-batch32-ada-target0.6-resumecustom
35.40418688,0.802128107,1.402808124,1420.415977,80.03199768,00013-frames_extraidos-11gb-gpu-gamma32-batch32-ada-target0.6-resumecustom
35.50388777,1.038672057,1.709326205,1424.415977,84.03199768,00013-frames_extraidos-11gb-gpu-gamma32-batch32-ada-target0.6-resumecustom
35.60358867,158.1984697,18.14653673,1428.415977,88.03199768,00013-frames_extraidos-11gb-gpu-gamma32-batch32-ada-target0.6-resumecustom
35.70328957,8.725521403,0.908939247,1432.415977,92.03199768,00013-frames_extraidos-11gb-gpu-gamma32-batch32-ada-target0.6-resumecustom
35.80299047,10.18921121,0.060871141,1436.415977,96.03199768,00013-frames_extraidos-11gb-gpu-gamma32-batch32-ada-target0.6-resumecustom
35.90269136,5.456121218,4.451381481,1440.415977,100.0319977,00013-frames_extraidos-11gb-gpu-gamma32-batch32-ada-target0.6-resumecustom
36.00239226,1.453688644,2.700349737,1444.415977,104.0319977,00013-frames_extraidos-11gb-gpu-gamma32-batch32-ada-target0.6-resumecustom
36.10209316,5.783054288,8.499196434,1448.415977,108.0319977,00013-frames_extraidos-11gb-gpu-gamma32-batch32-ada-target0.6-resumecustom
36.20179405,0.890118456,1.575270783,1452.415977,112.0319977,00013-frames_extraidos-11gb-gpu-gamma32-batch32-ada-target0.6-resumecustom
36.30149495,1.365664537,2.563627719,1456.415977,116.0319977,00013-frames_extraidos-11gb-gpu-gamma32-batch32-ada-target0.6-resumecustom
36.40119585,1.425274146,3.339263234,1460.415977,120.0319977,00013-frames_extraidos-11gb-gpu-gamma32-batch32-ada-target0.6-resumecustom
36.50089675,2.267352457,6.733167507,1464.415977,124.0319977,00013-frames_extraidos-11gb-gpu-gamma32-batch32-ada-target0.6-resumecustom
36.60059764,2.188354956,4.154943122,1468.415977,128.0319977,00013-frames_extraidos-11gb-gpu-gamma32-batch32-ada-target0.6-resumecustom
36.70029854,2.944431201,4.650215623,1472.415977,132.0319977,00013-frames_extraidos-11gb-gpu-gamma32-batch32-ada-target0.6-resumecustom
36.79999944,5.014242337,11.71433969,1476.415977,136.0319977,00013-frames_extraidos-11gb-gpu-gamma32-batch32-ada-target0.6-resumecustom
36.80079705,0.364548504,1.544462562,1476.447977,0.032000002,00014-frames_extraidos-11gb-gpu-gamma32-batch32-ada-target0.6-resumecustom
36.90049794,3.490563176,7.915345196,1480.447978,4.032000065,00014-frames_extraidos-11gb-gpu-gamma32-batch32-ada-target0.6-resumecustom
37.00019883,0.70981491,1.409624875,1484.447977,8.031999588,00014-frames_extraidos-11gb-gpu-gamma32-batch32-ada-target0.6-resumecustom
37.09989973,1.980886899,3.909850149,1488.447977,12.03199959,00014-frames_extraidos-11gb-gpu-gamma32-batch32-ada-target0.6-resumecustom
37.19960062,0.697559461,1.397016841,1492.447977,16.03199959,00014-frames_extraidos-11gb-gpu-gamma32-batch32-ada-target0.6-resumecustom
37.29930152,26.9151275,16.88834345,1496.447977,20.03199959,00014-frames_extraidos-11gb-gpu-gamma32-batch32-ada-target0.6-resumecustom
37.39900242,66.61920286,6.463763127,1500.447977,24.03199959,00014-frames_extraidos-11gb-gpu-gamma32-batch32-ada-target0.6-resumecustom
37.49870332,1.28785029,1.617085297,1504.447977,28.03199959,00014-frames_extraidos-11gb-gpu-gamma32-batch32-ada-target0.6-resumecustom
37.59840426,2.160154912,3.48815085,1508.447979,32.0320015,00014-frames_extraidos-11gb-gpu-gamma32-batch32-ada-target0.6-resumecustom
37.69810516,1.801129831,3.003990545,1512.447979,36.0320015,00014-frames_extraidos-11gb-gpu-gamma32-batch32-ada-target0.6-resumecustom
37.79780606,2.404154765,5.539713242,1516.447979,40.0320015,00014-frames_extraidos-11gb-gpu-gamma32-batch32-ada-target0.6-resumecustom
37.89750695,1.342936945,2.622622087,1520.447979,44.0320015,00014-frames_extraidos-11gb-gpu-gamma32-batch32-ada-target0.6-resumecustom
37.99720785,3.318255624,5.498322577,1524.447979,48.0320015,00014-frames_extraidos-11gb-gpu-gamma32-batch32-ada-target0.6-resumecustom
38.09690875,1.127044684,2.171561243,1528.447979,52.0320015,00014-frames_extraidos-11gb-gpu-gamma32-batch32-ada-target0.6-resumecustom
38.19660965,0.695839076,1.389640723,1532.447979,56.0320015,00014-frames_extraidos-11gb-gpu-gamma32-batch32-ada-target0.6-resumecustom
38.29631054,7.134588603,21.84160652,1536.447979,60.0320015,00014-frames_extraidos-11gb-gpu-gamma32-batch32-ada-target0.6-resumecustom
38.39601134,1.867881436,2.181616712,1540.447975,64.03199768,00014-frames_extraidos-11gb-gpu-gamma32-batch32-ada-target0.6-resumecustom
38.49571224,1.649726301,2.492841905,1544.447975,68.03199768,00014-frames_extraidos-11gb-gpu-gamma32-batch32-ada-target0.6-resumecustom
38.59541314,2.459438428,5.285638151,1548.447975,72.03199768,00014-frames_extraidos-11gb-gpu-gamma32-batch32-ada-target0.6-resumecustom
38.69511404,2.715011102,3.971031391,1552.447975,76.03199768,00014-frames_extraidos-11gb-gpu-gamma32-batch32-ada-target0.6-resumecustom
38.79481493,2.072198711,3.561177274,1556.447975,80.03199768,00014-frames_extraidos-11gb-gpu-gamma32-batch32-ada-target0.6-resumecustom
38.89451583,2.220552264,7.37400032,1560.447975,84.03199768,00014-frames_extraidos-11gb-gpu-gamma32-batch32-ada-target0.6-resumecustom
38.99421673,8.472095478,14.02080881,1564.447975,88.03199768,00014-frames_extraidos-11gb-gpu-gamma32-batch32-ada-target0.6-resumecustom
39.09391763,0.873636028,1.684703425,1568.447975,92.03199768,00014-frames_extraidos-11gb-gpu-gamma32-batch32-ada-target0.6-resumecustom
39.19361852,0.747107719,1.416163449,1572.447975,96.03199768,00014-frames_extraidos-11gb-gpu-gamma32-batch32-ada-target0.6-resumecustom
39.29331942,3.646562399,5.526022858,1576.447975,100.0319977,00014-frames_extraidos-11gb-gpu-gamma32-batch32-ada-target0.6-resumecustom
39.39302032,0.730320501,1.413247184,1580.447975,104.0319977,00014-frames_extraidos-11gb-gpu-gamma32-batch32-ada-target0.6-resumecustom
39.49272122,4.143471049,8.191007674,1584.447975,108.0319977,00014-frames_extraidos-11gb-gpu-gamma32-batch32-ada-target0.6-resumecustom
39.59242211,2.239953255,3.794230054,1588.447975,112.0319977,00014-frames_extraidos-11gb-gpu-gamma32-batch32-ada-target0.6-resumecustom
39.69212301,0.748566269,1.452059016,1592.447975,116.0319977,00014-frames_extraidos-11gb-gpu-gamma32-batch32-ada-target0.6-resumecustom
39.79182391,2.479844284,7.271229597,1596.447975,120.0319977,00014-frames_extraidos-11gb-gpu-gamma32-batch32-ada-target0.6-resumecustom
39.8915248,0.699365021,1.39816188,1600.447975,124.0319977,00014-frames_extraidos-11gb-gpu-gamma32-batch32-ada-target0.6-resumecustom
39.9912257,0.694943749,1.390418036,1604.447975,128.0319977,00014-frames_extraidos-11gb-gpu-gamma32-batch32-ada-target0.6-resumecustom
40.0909266,15.75513334,23.0168548,1608.447975,132.0319977,00014-frames_extraidos-11gb-gpu-gamma32-batch32-ada-target0.6-resumecustom
40.1906275,1.323718662,2.14557019,1612.447975,136.0319977,00014-frames_extraidos-11gb-gpu-gamma32-batch32-ada-target0.6-resumecustom
40.1914251,0.69314748,1.386294365,1612.479975,0.032000002,00015-frames_extraidos-11gb-gpu-gamma32-batch32-ada-target0.6-resumecustom
40.291126,0.725080456,1.74115258,1616.479975,4.032000065,00015-frames_extraidos-11gb-gpu-gamma32-batch32-ada-target0.6-resumecustom
40.39082689,0.693147182,1.386294365,1620.479975,8.031999588,00015-frames_extraidos-11gb-gpu-gamma32-batch32-ada-target0.6-resumecustom
40.49052779,17.26784495,25.30666718,1624.479975,12.03199959,00015-frames_extraidos-11gb-gpu-gamma32-batch32-ada-target0.6-resumecustom
40.59022868,7.351936646,9.942773049,1628.479975,16.03199959,00015-frames_extraidos-11gb-gpu-gamma32-batch32-ada-target0.6-resumecustom
40.68992958,2.456944308,3.558702063,1632.479975,20.03199959,00015-frames_extraidos-11gb-gpu-gamma32-batch32-ada-target0.6-resumecustom
40.78963048,0.863368039,1.439250528,1636.479975,24.03199959,00015-frames_extraidos-11gb-gpu-gamma32-batch32-ada-target0.6-resumecustom
40.88933137,1.828958211,3.474997419,1640.479975,28.03199959,00015-frames_extraidos-11gb-gpu-gamma32-batch32-ada-target0.6-resumecustom
40.98903232,4.057624226,8.174479488,1644.479977,32.0320015,00015-frames_extraidos-11gb-gpu-gamma32-batch32-ada-target0.6-resumecustom
41.08873322,5.079827968,6.261820494,1648.479977,36.0320015,00015-frames_extraidos-11gb-gpu-gamma32-batch32-ada-target0.6-resumecustom
41.18843411,0.729489687,1.436302263,1652.479977,40.0320015,00015-frames_extraidos-11gb-gpu-gamma32-batch32-ada-target0.6-resumecustom
41.28813501,3.001463671,8.151949401,1656.479977,44.0320015,00015-frames_extraidos-11gb-gpu-gamma32-batch32-ada-target0.6-resumecustom
41.38783591,0.706450413,1.408916166,1660.479977,48.0320015,00015-frames_extraidos-11gb-gpu-gamma32-batch32-ada-target0.6-resumecustom
41.48753681,0.699265889,1.395592185,1664.479977,52.0320015,00015-frames_extraidos-11gb-gpu-gamma32-batch32-ada-target0.6-resumecustom
41.5872377,6.852855699,9.109613268,1668.479977,56.0320015,00015-frames_extraidos-11gb-gpu-gamma32-batch32-ada-target0.6-resumecustom
41.6869386,0.716291386,1.399990809,1672.479977,60.0320015,00015-frames_extraidos-11gb-gpu-gamma32-batch32-ada-target0.6-resumecustom
41.7866394,2.784562257,8.32148255,1676.479973,64.03199768,00015-frames_extraidos-11gb-gpu-gamma32-batch32-ada-target0.6-resumecustom
41.8863403,1.212417788,2.177328531,1680.479973,68.03199768,00015-frames_extraidos-11gb-gpu-gamma32-batch32-ada-target0.6-resumecustom
41.9860412,3.16091474,5.42744771,1684.479973,72.03199768,00015-frames_extraidos-11gb-gpu-gamma32-batch32-ada-target0.6-resumecustom
42.08574209,1.646223818,3.064910919,1688.479973,76.03199768,00015-frames_extraidos-11gb-gpu-gamma32-batch32-ada-target0.6-resumecustom
42.18544299,2.083651648,4.15442319,1692.479973,80.03199768,00015-frames_extraidos-11gb-gpu-gamma32-batch32-ada-target0.6-resumecustom
42.28514389,1.552341559,3.270535839,1696.479973,84.03199768,00015-frames_extraidos-11gb-gpu-gamma32-batch32-ada-target0.6-resumecustom
42.38484479,2.974009712,7.573545627,1700.479973,88.03199768,00015-frames_extraidos-11gb-gpu-gamma32-batch32-ada-target0.6-resumecustom
42.48454568,0.701426723,1.402571108,1704.479973,92.03199768,00015-frames_extraidos-11gb-gpu-gamma32-batch32-ada-target0.6-resumecustom
42.58424658,0.696182438,1.394044353,1708.479973,96.03199768,00015-frames_extraidos-11gb-gpu-gamma32-batch32-ada-target0.6-resumecustom
42.68394748,0.694151902,1.388413947,1712.479973,100.0319977,00015-frames_extraidos-11gb-gpu-gamma32-batch32-ada-target0.6-resumecustom
42.78364838,0.693268227,1.386876381,1716.479973,104.0319977,00015-frames_extraidos-11gb-gpu-gamma32-batch32-ada-target0.6-resumecustom
42.88334927,7.793631225,15.63193695,1720.479973,108.0319977,00015-frames_extraidos-11gb-gpu-gamma32-batch32-ada-target0.6-resumecustom
42.98305017,2.471163851,5.720837658,1724.479973,112.0319977,00015-frames_extraidos-11gb-gpu-gamma32-batch32-ada-target0.6-resumecustom
43.08275107,0.716839375,1.4326639,1728.479973,116.0319977,00015-frames_extraidos-11gb-gpu-gamma32-batch32-ada-target0.6-resumecustom
43.18245197,0.700279724,1.403628816,1732.479973,120.0319977,00015-frames_extraidos-11gb-gpu-gamma32-batch32-ada-target0.6-resumecustom
43.28215286,194.7624289,25.61865731,1736.479973,124.0319977,00015-frames_extraidos-11gb-gpu-gamma32-batch32-ada-target0.6-resumecustom
43.38185376,164.9653915,0.014980678,1740.479973,128.0319977,00015-frames_extraidos-11gb-gpu-gamma32-batch32-ada-target0.6-resumecustom
43.48155466,249.1155333,0.011112191,1744.479973,132.0319977,00015-frames_extraidos-11gb-gpu-gamma32-batch32-ada-target0.6-resumecustom
43.58125555,379.2762942,0,1748.479973,136.0319977,00015-frames_extraidos-11gb-gpu-gamma32-batch32-ada-target0.6-resumecustom
43.68095645,345.9900103,0,1752.479973,140.0319977,00015-frames_extraidos-11gb-gpu-gamma32-batch32-ada-target0.6-resumecustom
43.68175406,341.5641785,0,1752.511973,0.032000002,00016-frames_extraidos-11gb-gpu-gamma32-batch32-ada-target0.6-resumecustom
43.78145496,153.2652979,13.64842184,1756.511973,4.032000065,00016-frames_extraidos-11gb-gpu-gamma32-batch32-ada-target0.6-resumecustom
43.88115584,69.22788058,0.00018834,1760.511972,8.031999588,00016-frames_extraidos-11gb-gpu-gamma32-batch32-ada-target0.6-resumecustom
43.98085674,67.11813086,2.43E-06,1764.511972,12.03199959,00016-frames_extraidos-11gb-gpu-gamma32-batch32-ada-target0.6-resumecustom
44.08055764,35.85981081,1.50E-05,1768.511972,16.03199959,00016-frames_extraidos-11gb-gpu-gamma32-batch32-ada-target0.6-resumecustom
44.18025854,324.2237344,2.511203953,1772.511972,20.03199959,00016-frames_extraidos-11gb-gpu-gamma32-batch32-ada-target0.6-resumecustom
44.27995943,448.3541536,5.33E-05,1776.511972,24.03199959,00016-frames_extraidos-11gb-gpu-gamma32-batch32-ada-target0.6-resumecustom
44.37966033,419.8670085,0.000144187,1780.511972,28.03199959,00016-frames_extraidos-11gb-gpu-gamma32-batch32-ada-target0.6-resumecustom
44.47936127,395.3269932,3.74E-09,1784.511974,32.0320015,00016-frames_extraidos-11gb-gpu-gamma32-batch32-ada-target0.6-resumecustom
44.57906217,402.2030873,15.4062861,1788.511974,36.0320015,00016-frames_extraidos-11gb-gpu-gamma32-batch32-ada-target0.6-resumecustom
44.67876307,419.4630818,0,1792.511974,40.0320015,00016-frames_extraidos-11gb-gpu-gamma32-batch32-ada-target0.6-resumecustom
44.77846397,407.5783079,0.032767967,1796.511974,44.0320015,00016-frames_extraidos-11gb-gpu-gamma32-batch32-ada-target0.6-resumecustom
44.87816486,472.3625574,0,1800.511974,48.0320015,00016-frames_extraidos-11gb-gpu-gamma32-batch32-ada-target0.6-resumecustom
44.97786576,464.2256912,0,1804.511974,52.0320015,00016-frames_extraidos-11gb-gpu-gamma32-batch32-ada-target0.6-resumecustom
45.07756666,424.7800946,24.61184662,1808.511974,56.0320015,00016-frames_extraidos-11gb-gpu-gamma32-batch32-ada-target0.6-resumecustom
45.17726756,18.2013462,0.524529946,1812.511974,60.0320015,00016-frames_extraidos-11gb-gpu-gamma32-batch32-ada-target0.6-resumecustom
45.27696836,17.61464966,0.000390716,1816.511971,64.03199768,00016-frames_extraidos-11gb-gpu-gamma32-batch32-ada-target0.6-resumecustom
45.37666926,18.01948882,0.00023885,1820.511971,68.03199768,00016-frames_extraidos-11gb-gpu-gamma32-batch32-ada-target0.6-resumecustom
45.47637015,17.73995066,0.000118049,1824.511971,72.03199768,00016-frames_extraidos-11gb-gpu-gamma32-batch32-ada-target0.6-resumecustom
45.57607105,24.82185023,0.000474278,1828.511971,76.03199768,00016-frames_extraidos-11gb-gpu-gamma32-batch32-ada-target0.6-resumecustom
45.67577195,34.36631496,23.13608132,1832.511971,80.03199768,00016-frames_extraidos-11gb-gpu-gamma32-batch32-ada-target0.6-resumecustom
45.77547284,10.79041666,6.850158233,1836.511971,84.03199768,00016-frames_extraidos-11gb-gpu-gamma32-batch32-ada-target0.6-resumecustom
45.87517374,1.33228666,2.237550289,1840.511971,88.03199768,00016-frames_extraidos-11gb-gpu-gamma32-batch32-ada-target0.6-resumecustom
45.97487464,3.347926027,3.211138494,1844.511971,92.03199768,00016-frames_extraidos-11gb-gpu-gamma32-batch32-ada-target0.6-resumecustom
46.07457554,2.455616577,3.100116741,1848.511971,96.03199768,00016-frames_extraidos-11gb-gpu-gamma32-batch32-ada-target0.6-resumecustom
46.07537314,0.462365866,1.465347886,1848.543971,0.032000002,00017-frames_extraidos-11gb-gpu-gamma32-batch32-ada-target0.6-resumecustom
46.17507404,1.759137415,3.383675495,1852.543971,4.032000065,00017-frames_extraidos-11gb-gpu-gamma32-batch32-ada-target0.6-resumecustom
46.27477493,4.694329214,13.46629083,1856.54397,8.031999588,00017-frames_extraidos-11gb-gpu-gamma32-batch32-ada-target0.6-resumecustom
46.37447583,0.876754169,1.552640271,1860.54397,12.03199959,00017-frames_extraidos-11gb-gpu-gamma32-batch32-ada-target0.6-resumecustom
46.47417672,0.748648059,1.461554327,1864.54397,16.03199959,00017-frames_extraidos-11gb-gpu-gamma32-batch32-ada-target0.6-resumecustom
46.57387762,0.693147182,1.386294365,1868.54397,20.03199959,00017-frames_extraidos-11gb-gpu-gamma32-batch32-ada-target0.6-resumecustom
46.67357852,0.693147182,1.386294365,1872.54397,24.03199959,00017-frames_extraidos-11gb-gpu-gamma32-batch32-ada-target0.6-resumecustom
46.77327941,0.693147182,1.386294365,1876.54397,28.03199959,00017-frames_extraidos-11gb-gpu-gamma32-batch32-ada-target0.6-resumecustom
46.87298036,0.693147182,1.386294365,1880.543972,32.0320015,00017-frames_extraidos-11gb-gpu-gamma32-batch32-ada-target0.6-resumecustom
46.97268126,0.693147182,1.386294365,1884.543972,36.0320015,00017-frames_extraidos-11gb-gpu-gamma32-batch32-ada-target0.6-resumecustom
47.07238215,0.693147182,1.386294365,1888.543972,40.0320015,00017-frames_extraidos-11gb-gpu-gamma32-batch32-ada-target0.6-resumecustom
47.17208305,12.4194071,55.44532361,1892.543972,44.0320015,00017-frames_extraidos-11gb-gpu-gamma32-batch32-ada-target0.6-resumecustom
47.27178395,0.946270343,1.743290195,1896.543972,48.0320015,00017-frames_extraidos-11gb-gpu-gamma32-batch32-ada-target0.6-resumecustom
47.37148485,0.717276187,1.422799597,1900.543972,52.0320015,00017-frames_extraidos-11gb-gpu-gamma32-batch32-ada-target0.6-resumecustom
47.47118574,0.703825849,1.398421533,1904.543972,56.0320015,00017-frames_extraidos-11gb-gpu-gamma32-batch32-ada-target0.6-resumecustom
47.57088664,26.46835896,13.30507038,1908.543972,60.0320015,00017-frames_extraidos-11gb-gpu-gamma32-batch32-ada-target0.6-resumecustom
47.67058744,23.16421762,3.51E-05,1912.543968,64.03199768,00017-frames_extraidos-11gb-gpu-gamma32-batch32-ada-target0.6-resumecustom
47.77028834,19.19171374,2.23E-05,1916.543968,68.03199768,00017-frames_extraidos-11gb-gpu-gamma32-batch32-ada-target0.6-resumecustom
47.86998924,14.66788992,5.81E-06,1920.543968,72.03199768,00017-frames_extraidos-11gb-gpu-gamma32-batch32-ada-target0.6-resumecustom
47.96969013,14.15881643,1.22E-05,1924.543968,76.03199768,00017-frames_extraidos-11gb-gpu-gamma32-batch32-ada-target0.6-resumecustom
48.06939103,14.56618691,1.24E-05,1928.543968,80.03199768,00017-frames_extraidos-11gb-gpu-gamma32-batch32-ada-target0.6-resumecustom
48.16909193,190.224019,22.89717094,1932.543968,84.03199768,00017-frames_extraidos-11gb-gpu-gamma32-batch32-ada-target0.6-resumecustom
48.26879283,81.29750433,1.299437339,1936.543968,88.03199768,00017-frames_extraidos-11gb-gpu-gamma32-batch32-ada-target0.6-resumecustom
48.36849372,30.07876961,0.024843986,1940.543968,92.03199768,00017-frames_extraidos-11gb-gpu-gamma32-batch32-ada-target0.6-resumecustom
48.46819462,42.94966324,0.003084984,1944.543968,96.03199768,00017-frames_extraidos-11gb-gpu-gamma32-batch32-ada-target0.6-resumecustom
48.56789552,72.00759312,7.294311405,1948.543968,100.0319977,00017-frames_extraidos-11gb-gpu-gamma32-batch32-ada-target0.6-resumecustom
48.66759642,29.41836127,0.033287487,1952.543968,104.0319977,00017-frames_extraidos-11gb-gpu-gamma32-batch32-ada-target0.6-resumecustom
48.66839402,20.36474991,6.15E-09,1952.575968,0.032000002,00018-frames_extraidos-11gb-gpu-gamma32-batch32-ada-target0.6-resumecustom
48.76809492,90.28220805,2.013389566,1956.575968,4.032000065,00018-frames_extraidos-11gb-gpu-gamma32-batch32-ada-target0.6-resumecustom
48.86779581,110.7582177,4.66E-09,1960.575968,8.031999588,00018-frames_extraidos-11gb-gpu-gamma32-batch32-ada-target0.6-resumecustom
48.9674967,103.229751,3.06E-12,1964.575968,12.03199959,00018-frames_extraidos-11gb-gpu-gamma32-batch32-ada-target0.6-resumecustom
49.0671976,86.92763324,2.27E-16,1968.575968,16.03199959,00018-frames_extraidos-11gb-gpu-gamma32-batch32-ada-target0.6-resumecustom
49.1668985,37.18422443,4.229836139,1972.575968,20.03199959,00018-frames_extraidos-11gb-gpu-gamma32-batch32-ada-target0.6-resumecustom
49.2665994,26.58468387,0.007274205,1976.575968,24.03199959,00018-frames_extraidos-11gb-gpu-gamma32-batch32-ada-target0.6-resumecustom
49.36630029,125.8483998,6.260909302,1980.575968,28.03199959,00018-frames_extraidos-11gb-gpu-gamma32-batch32-ada-target0.6-resumecustom
49.46600124,163.0030394,5.87E-07,1984.57597,32.0320015,00018-frames_extraidos-11gb-gpu-gamma32-batch32-ada-target0.6-resumecustom
49.56570214,122.938089,10.22472537,1988.57597,36.0320015,00018-frames_extraidos-11gb-gpu-gamma32-batch32-ada-target0.6-resumecustom
49.66540303,53.09504597,0.009318105,1992.57597,40.0320015,00018-frames_extraidos-11gb-gpu-gamma32-batch32-ada-target0.6-resumecustom
49.76510393,49.88892593,9.79E-05,1996.57597,44.0320015,00018-frames_extraidos-11gb-gpu-gamma32-batch32-ada-target0.6-resumecustom
49.86480483,37.2768071,0.000122801,2000.57597,48.0320015,00018-frames_extraidos-11gb-gpu-gamma32-batch32-ada-target0.6-resumecustom
49.96450573,27.73119519,0.000316655,2004.57597,52.0320015,00018-frames_extraidos-11gb-gpu-gamma32-batch32-ada-target0.6-resumecustom
50.06420662,170.725639,10.87305492,2008.57597,56.0320015,00018-frames_extraidos-11gb-gpu-gamma32-batch32-ada-target0.6-resumecustom
50.16390752,283.2076038,1.252673748,2012.57597,60.0320015,00018-frames_extraidos-11gb-gpu-gamma32-batch32-ada-target0.6-resumecustom
50.26360832,131.2860959,5.474785608,2016.575966,64.03199768,00018-frames_extraidos-11gb-gpu-gamma32-batch32-ada-target0.6-resumecustom
50.36330922,103.8400005,1.16E-08,2020.575966,68.03199768,00018-frames_extraidos-11gb-gpu-gamma32-batch32-ada-target0.6-resumecustom
50.46301012,104.6302761,7.31E-07,2024.575966,72.03199768,00018-frames_extraidos-11gb-gpu-gamma32-batch32-ada-target0.6-resumecustom
50.56271101,110.6039266,3.26E-09,2028.575966,76.03199768,00018-frames_extraidos-11gb-gpu-gamma32-batch32-ada-target0.6-resumecustom
50.66241191,111.0938444,5.64E-06,2032.575966,80.03199768,00018-frames_extraidos-11gb-gpu-gamma32-batch32-ada-target0.6-resumecustom
50.76211281,128.747231,14.25323276,2036.575966,84.03199768,00018-frames_extraidos-11gb-gpu-gamma32-batch32-ada-target0.6-resumecustom
50.86181371,96.75817712,0.000507117,2040.575966,88.03199768,00018-frames_extraidos-11gb-gpu-gamma32-batch32-ada-target0.6-resumecustom
50.9615146,99.32678265,0.000117472,2044.575966,92.03199768,00018-frames_extraidos-11gb-gpu-gamma32-batch32-ada-target0.6-resumecustom
51.0612155,99.86505927,0.000161771,2048.575966,96.03199768,00018-frames_extraidos-11gb-gpu-gamma32-batch32-ada-target0.6-resumecustom
51.1609164,107.8652042,9.86E-05,2052.575966,100.0319977,00018-frames_extraidos-11gb-gpu-gamma32-batch32-ada-target0.6-resumecustom
51.2606173,109.0677381,2.32E-05,2056.575966,104.0319977,00018-frames_extraidos-11gb-gpu-gamma32-batch32-ada-target0.6-resumecustom
51.36031819,107.78267,1.44E-05,2060.575966,108.0319977,00018-frames_extraidos-11gb-gpu-gamma32-batch32-ada-target0.6-resumecustom
51.46001909,107.9293765,1.05E-05,2064.575966,112.0319977,00018-frames_extraidos-11gb-gpu-gamma32-batch32-ada-target0.6-resumecustom
51.55971999,105.7098482,6.73E-06,2068.575966,116.0319977,00018-frames_extraidos-11gb-gpu-gamma32-batch32-ada-target0.6-resumecustom
51.65942088,283.2289689,26.84474442,2072.575966,120.0319977,00018-frames_extraidos-11gb-gpu-gamma32-batch32-ada-target0.6-resumecustom
51.75912178,206.7394552,9.23E-05,2076.575966,124.0319977,00018-frames_extraidos-11gb-gpu-gamma32-batch32-ada-target0.6-resumecustom
51.85882268,208.1530126,1.43E-05,2080.575966,128.0319977,00018-frames_extraidos-11gb-gpu-gamma32-batch32-ada-target0.6-resumecustom
51.95852358,208.0070939,4.79E-05,2084.575966,132.0319977,00018-frames_extraidos-11gb-gpu-gamma32-batch32-ada-target0.6-resumecustom
52.05822447,209.4369849,2.62E-05,2088.575966,136.0319977,00018-frames_extraidos-11gb-gpu-gamma32-batch32-ada-target0.6-resumecustom
52.15792537,206.1799838,8.77E-06,2092.575966,140.0319977,00018-frames_extraidos-11gb-gpu-gamma32-batch32-ada-target0.6-resumecustom
52.25762627,210.0816594,8.78E-06,2096.575966,144.0319977,00018-frames_extraidos-11gb-gpu-gamma32-batch32-ada-target0.6-resumecustom
52.35732717,346.029948,24.88843915,2100.575966,148.0319977,00018-frames_extraidos-11gb-gpu-gamma32-batch32-ada-target0.6-resumecustom
52.45702806,288.4853367,2.331046171,2104.575966,152.0319977,00018-frames_extraidos-11gb-gpu-gamma32-batch32-ada-target0.6-resumecustom
52.55672896,283.0542076,2.17E-09,2108.575966,156.0319977,00018-frames_extraidos-11gb-gpu-gamma32-batch32-ada-target0.6-resumecustom
52.55752657,293.0011292,2.53E-08,2108.607966,0.032000002,00019-frames_extraidos-11gb-gpu-gamma32-batch32-ada-target0.6-resumecustom
52.65722747,164.9808328,8.185688029,2112.607966,4.032000065,00019-frames_extraidos-11gb-gpu-gamma32-batch32-ada-target0.6-resumecustom
52.75692835,390.3047376,2.600696722,2116.607965,8.031999588,00019-frames_extraidos-11gb-gpu-gamma32-batch32-ada-target0.6-resumecustom
52.85662925,162.3994868,0.000339954,2120.607965,12.03199959,00019-frames_extraidos-11gb-gpu-gamma32-batch32-ada-target0.6-resumecustom
52.95633015,218.6715427,0,2124.607965,16.03199959,00019-frames_extraidos-11gb-gpu-gamma32-batch32-ada-target0.6-resumecustom
53.05603104,199.2078937,1.66E-10,2128.607965,20.03199959,00019-frames_extraidos-11gb-gpu-gamma32-batch32-ada-target0.6-resumecustom
53.15573194,181.5385961,0,2132.607965,24.03199959,00019-frames_extraidos-11gb-gpu-gamma32-batch32-ada-target0.6-resumecustom
53.25543284,184.3520889,0,2136.607965,28.03199959,00019-frames_extraidos-11gb-gpu-gamma32-batch32-ada-target0.6-resumecustom
53.35513378,188.4702396,0,2140.607967,32.0320015,00019-frames_extraidos-11gb-gpu-gamma32-batch32-ada-target0.6-resumecustom
53.45483468,188.7235348,0,2144.607967,36.0320015,00019-frames_extraidos-11gb-gpu-gamma32-batch32-ada-target0.6-resumecustom
53.55453558,189.2616409,0,2148.607967,40.0320015,00019-frames_extraidos-11gb-gpu-gamma32-batch32-ada-target0.6-resumecustom
53.65423647,190.1740796,0,2152.607967,44.0320015,00019-frames_extraidos-11gb-gpu-gamma32-batch32-ada-target0.6-resumecustom
53.75393737,191.2313264,0,2156.607967,48.0320015,00019-frames_extraidos-11gb-gpu-gamma32-batch32-ada-target0.6-resumecustom
53.85363827,235.3756299,1.036655205,2160.607967,52.0320015,00019-frames_extraidos-11gb-gpu-gamma32-batch32-ada-target0.6-resumecustom
53.95333917,547.2339321,0.401196198,2164.607967,56.0320015,00019-frames_extraidos-11gb-gpu-gamma32-batch32-ada-target0.6-resumecustom
54.05304006,554.439271,0,2168.607967,60.0320015,00019-frames_extraidos-11gb-gpu-gamma32-batch32-ada-target0.6-resumecustom
54.15274087,555.3876235,0,2172.607964,64.03199768,00019-frames_extraidos-11gb-gpu-gamma32-batch32-ada-target0.6-resumecustom
54.25244176,554.4578896,0,2176.607964,68.03199768,00019-frames_extraidos-11gb-gpu-gamma32-batch32-ada-target0.6-resumecustom
54.35214266,555.0063682,0,2180.607964,72.03199768,00019-frames_extraidos-11gb-gpu-gamma32-batch32-ada-target0.6-resumecustom
54.45184356,548.2540808,0,2184.607964,76.03199768,00019-frames_extraidos-11gb-gpu-gamma32-batch32-ada-target0.6-resumecustom
54.55154446,522.4711804,0,2188.607964,80.03199768,00019-frames_extraidos-11gb-gpu-gamma32-batch32-ada-target0.6-resumecustom
54.65124535,515.0570044,0,2192.607964,84.03199768,00019-frames_extraidos-11gb-gpu-gamma32-batch32-ada-target0.6-resumecustom
54.75094625,507.5770544,0,2196.607964,88.03199768,00019-frames_extraidos-11gb-gpu-gamma32-batch32-ada-target0.6-resumecustom
54.85064715,506.4443386,0,2200.607964,92.03199768,00019-frames_extraidos-11gb-gpu-gamma32-batch32-ada-target0.6-resumecustom
54.95034804,505.4362405,0,2204.607964,96.03199768,00019-frames_extraidos-11gb-gpu-gamma32-batch32-ada-target0.6-resumecustom
55.05004894,640.9874187,16.59952386,2208.607964,100.0319977,00019-frames_extraidos-11gb-gpu-gamma32-batch32-ada-target0.6-resumecustom
55.14974984,759.0182515,0.017471842,2212.607964,104.0319977,00019-frames_extraidos-11gb-gpu-gamma32-batch32-ada-target0.6-resumecustom
55.24945074,694.1683181,0,2216.607964,108.0319977,00019-frames_extraidos-11gb-gpu-gamma32-batch32-ada-target0.6-resumecustom
55.34915163,683.5115576,0,2220.607964,112.0319977,00019-frames_extraidos-11gb-gpu-gamma32-batch32-ada-target0.6-resumecustom
55.44885253,675.9206079,0,2224.607964,116.0319977,00019-frames_extraidos-11gb-gpu-gamma32-batch32-ada-target0.6-resumecustom
55.54855343,634.1099451,0,2228.607964,120.0319977,00019-frames_extraidos-11gb-gpu-gamma32-batch32-ada-target0.6-resumecustom
55.64825433,617.8204309,0,2232.607964,124.0319977,00019-frames_extraidos-11gb-gpu-gamma32-batch32-ada-target0.6-resumecustom
55.74795522,625.5351514,0,2236.607964,128.0319977,00019-frames_extraidos-11gb-gpu-gamma32-batch32-ada-target0.6-resumecustom
55.84765612,632.4955894,0,2240.607964,132.0319977,00019-frames_extraidos-11gb-gpu-gamma32-batch32-ada-target0.6-resumecustom
55.94735702,648.6653584,0,2244.607964,136.0319977,00019-frames_extraidos-11gb-gpu-gamma32-batch32-ada-target0.6-resumecustom
56.04705792,600.5365737,19.32772525,2248.607964,140.0319977,00019-frames_extraidos-11gb-gpu-gamma32-batch32-ada-target0.6-resumecustom
